ma,ten,dvt,don_gia_moi
000,Co g,Cái,29370
000Y,Y,Cái,88236
2,Y,Bộ,0
300SOLAHART,Máy NLMT Solahart 300 lít super shied,Bộ,46288000
a,bb,Cái,50877
b,bbbb,Mét,7726
b-3,Tê,Cái,42020
BANCAU1KHOI959VAN,Bàn cầu 1 khối Inax AC-959 VAN,Bộ,5500000
BANCAU2KHOI108VA,Bàn cầu 2 khối Inax C-108VA,Bộ,2010000
BANCAU2KHOI306VA,Bàn cầu 2 khối Inax C-306VA,Bộ,2550000
BANCAU2KHOI504VAN,Bàn cầu 2 khối Inax C-504 VAN,Bộ,2644000
BANCAU2KHOI700VAN,Bàn cầu 2 khối Inax AC-700 VAN,Bộ,3545000
bangkeobac,Băng keo bạc,Cuộn,6600
BANGKEODIEN,Băng keo điện Nanoco,Cuộn,2839
BANGKEOTRONG,Bao Keo trong,Cuộn,24671
BAOON25,Bảo ôn giữ nhiệt 25,Mét,15282
BATDOONG,Bát đỡ ống giàn CN,Cái,700000
BATNHOM,Bát Nhôm 20 ống,Cái,0
BCN1000LIT,Bồn Công nghiệp 1000 Lít 58 SLK03,Bộ,11957860
BCN1500L,Bồn Công Nghiệp 1500 Lít  58,Bộ,9448260
BCN2000,Bồn Công nghiệp 2000 Lít 58 SLK03,Bộ,129500000
BCN200LIT,Bồn Công nghiệp 200 Lít 58 SLK03,Bộ,25300000
BCN300LIT,Bồn Công nghiệp 300 Lít 58 SLK03,Bộ,22500000
BCN500LIT,Bồn công nghiệp 500 Lít 58,Bộ,9128267
BDOD25,Bát đỡ ống  phi 25,Cái,0
BINHBAOON30D5803,Bình bảo ốn 30  58 SLK03,Bình,0
BITRODIEN58,Nút bịt trợ điện 58,Cái,0
BKD,Băng keo đen,Cuộn,2604
BL10.000ĐS,Bồn lạnh  Inox Solarkyo 10.000 lít đứng,Bộ,0
BL10.000NS,Bồn lạnh Inox Solarkyo 10.000 lít  ngang,Bộ,0
BL1000ĐQUOCCHUNG,Bồn lạnh Inox - 1000 lít đứng,Bộ,2606000
BL1000ĐS,Bồn lạnh  Inox Solarkyo 1.000 lít đứng,Bộ,817071
BL1000NS,Bồn lạnh  Inox Solarkyo  1000 lít ngang,Bộ,2426080
BL1000NSDRA60,Bồn lạnh  Inox Solarkyo  1000 lít ngang - Đầu ra 60,Bộ,0
BL1000NTACHI,Bồn lạnh  Inox TACHI 1000 lít ngang,Bộ,0
BL1500ĐS,Bồn lạnh Inox Solarkyo 1.500 lít đứng,Bộ,4169334
BL1500ĐTACHI,Bồn lạnh  Inox TACHI 1500 lít đứng,Bộ,3600000
BL1500LNTM,Bồn lạnh 1500 Lít ngang,Bộ,0
BL1500NS,Bồn lạnh   Inox Solarkyo 1.500 lít ngang,Bộ,3604091
BL1500NSDRA60,Bồn lạnh   Inox Solarkyo 1.500 lít ngang - Đầu ra 60,Bộ,0
BL2000ĐS,Bồn lạnh  Inox Solarkyo 2.000 lít đứng,Bộ,5378000
BL2000NS,Bồn lạnh  Inox Solarkyo 2.000 lít  ngang,Bộ,1989158
BL2000NSDRA60,Bồn lạnh  Inox Solarkyo 2.000 lít  ngang đầu ra 60,Bộ,0
BL200LDS,Bồn lạnh  Inox Solarkyo 200 lít đứng,Bộ,5378000
BL200NS,Bồn lạnh  Inox Solarkyo 200 lít ngang,Bộ,0
BL2500ĐS,Bồn lạnh  Inox Solarkyo 2.500 lít đứng,Bộ,0
BL2500NS,Bồn lạnh  Inox Solarkyo 2.500 lít ngang,Bộ,0
BL3000ĐS,Bồn lạnh  Inox Solarkyo 3.000 lít đứng,Bộ,0
BL3000NS,Bồn lạnh  Inox Solarkyo 3.000 lít ngang,Bộ,0
BL300ĐS,Bồn lạnh  Inox Solarkyo 300 lít đứng,Bộ,0
BL300NS,Bồn lạnh  Inox Solarkyo 300 lít ngang,Bộ,2445000
BL4000NS,Bồn lạnh  Inox Solarkyo4.000 lít  ngang,Bộ,0
BL5000NS,Bồn lạnh  Inox Solarkyo 5.000 lít  ngang,Bộ,0
BL500ĐS,Bồn lạnh  Inox Solarkyo 500 lít đứng,Bộ,1296000
BL500NS,Bồn lạnh  Inox Solarkyo 500 lít ngang,Bộ,1381560
BL700ĐS,Bồn lạnh  Inox Solarkyo 700 lít đứng,Bộ,2310000
BL700NS,Bồn lạnh  Inox Solarkyo 700 lít ngang,Bộ,2545000
BL8000N,Bồn lạnh  Inox Solarkyo 8.000 lít  ngang,Cái,0
BODIEUKHIEN,Bộ Điều Khiển,Bộ,144444
BOHOTRODIEN49,Bộ hỗ trợ điện 7500W ra 49,Bộ,722134
BOHOTRODIEN58,Bộ hỗ trợ điện phi 58,Cái,0
BOM300AKHONGHOP,Máy bơm  nươc chức năng tự động và đảy cao  300W CAMEL,Cái,1585000
BONCAUTRANG,Bồn Cầu trắng C812 (720 x 390 x 650 mm),Bộ,1370000
BONTIEUNAM,Bấm tiểu nam,Bộ,460000
BOX1NGA16,Box 1 ngã  - ống chờ 1 đường thẳng- 16 (200c/1 thùng),Bộ,4715
BOX1NGA20,Box 1 ngã  - ống chờ 1 đường thẳng- 20,Bộ,17387
BOX2NGA16,Box 2 ngã  - ống chờ 2 đường thẳng SINO - 16 (170c/1 thung),Bộ,5578
BOX2NGA20,Box 2 ngã  - ống chờ 2 đường thẳng- 20,Bộ,5424
BOX2NGAVUONG16,Box 2 ngã  - ống chờ 2 đường vuông góc SINO - 16 (200c/1thung),Bộ,5950
BOX2NGAVUONG20,Box 2 ngã  - ống chờ 2 đường vuông góc- 20,Bộ,6460
BOX3NGA16,Box 3 ngã  - ống chờ 3 đường thẳng- 16,Cái,1924
BOX3NGA20,Box 3 ngã  - ống chờ 3 đường thẳng- 20,Bộ,1108
BOX3NGA25,Box 3 ngã  - ống chờ 3 đường thẳng- 25,Cái,745
BOX4NGA20,Box 4 ngã  - ống chờ 4 đường - 20,Bộ,4560
BOX4NGA25,Box 4 ngã  - ống chờ 4 đường - 25,Bộ,5207
BOX4NGAPHI16,Box 4 ngã  - ống chờ 4 đường - 16,Cái,2199
BOXADOIIOX,Bộ xả đôi Inox nhỏ BXD,Bộ,0
C,Co,Cái,7150
C.3,C.0,Cuộn,0
C-1,C,Cái,6156
C-1-1,Cô,Cái,101736
C111,C,Cái,106920
C25HDPE,Co 25 HDPE,Cái,30000
C9d25BM,Co 900 Ø 25 PP-R BM,Cái,7920
C9d40BM,Co 900 Ø 40 PP-R BM,Cái,14872
C9d50BM,Co 900 Ø 50 PP-R BM,Cái,326187
C9d75BM,Co 900 Ø 75 PP-R BM,Cái,154548
C9D90PPR,Co 90 Ø 90 PP-R BM,Cái,78066
CANA60/42,Cà ná 60/42 inox,Cái,70500
CAP6LOI,Dây cáp mạng cat 6 Cadivi,Mét,4808
CAP8LOI,Dây cáp mạng 8 lõi (200m/1 cuộn),Mét,6510
CAUKASSANI0833M,Bồn Cầu Liền Khối Kassani 0833M,Bộ,5670000
CAUKASSANI2730,Bồn Cầu Liền Khối KASSANI 2730,Bộ,2500000
cay,Cây,Cây,833889
CB10A1PEZ9,Cầu dao tự động (CB)- Easy9-341 1P 10A C Schneider,Cái,45534
CB10A2PEZ9SCHNEIDER,Cầu dao tự động (CB)- Easy9-342 2P 10A C Schneider,Cái,130180
CB10A2PSCHNEIDER,Cầu dao tự động (CB) A9K - IK60N-272 2P 10A C Schneider,Cái,213548
CB10SCHNEIDER,Cầu dao tự động (CB) A9K- IK60N-271 1P 10A C Schneider,Cái,76193
CB16A1PEZ9,Cầu dao tự động (CB)- Easy9-341 1P 16A C Schneider,Cái,60712
CB16A1PSCHNEIDER,Cầu dao tự động (CB) A9K - IK60N-271 1P 16A C Schneider,Cái,76193
CB16A2PEZ9SCHNEIDER,Cầu dao tự động (CB)- Easy9-342 2P 16A C Schneider,Cái,165205
CB16A2PSCHNEIDER,Cầu dao tự động (CB) A9K - IK60N-272 2P 16A C Schneider,Cái,213548
CB20A1PEZ9,Cầu dao tự động (CB)- Easy9-341 1P 20A C Schneider,Cái,45534
CB20A1PSCHNEIDER,Cầu dao tự động (CB) A9K - IK60N-271 1P 20A C Schneider,Cái,76193
CB20A2PEZ9SCHNIEDER,Cầu dao tự động (CB)- Easy9-342 2P 20A C Schneider,Cái,61129
CB20A2PSCHNIEDER,Cầu dao tự động (CB) A9K - IK60N-272 2P 20A C Schneider,Cái,213548
CB25A1PEZ9,Cầu dao tự động (CB)- Easy9-341 1P 25A C Schneider,Cái,45534
CB25A1PSCHNEIDER,Cầu dao tự động (CB) A9K - IK60N-271 1P 25A C Schneider,Cái,76193
CB25A2PEZ9SCHNIEDER,Cầu dao tự động (CB)- Easy9-342 2P 25A C Schneider,Cái,149660
CB25A2PSCHNEIDER,Cầu dao tự động (CB) A9K - IK60N-272 2P 25A C Schneider,Cái,213548
CB32A1PEZ9,Cầu dao tự động (CB)- Easy9-341 1P 32A C Schneider,Cái,60712
CB32A1PSCHNEIDER,Cầu dao tự động (CB) A9K - IK60N-271 1P 32A C Schneider,Cái,76193
CB32A2PEZ9SCHNIEDER,Cầu dao tự động (CB)- Easy9-342 2P 32A C Schneider,Cái,155628
CB32A2PSCHNEIDER,Cầu dao tự động (CB) A9K - IK60N-272 2P 32A C Schneider,Cái,528000
CB-3P20ASINO,Cầu dao tự động Sino 3P - 20A C3020,Cái,140140
CB-3P32ASINO,Cầu dao tự động Sino 3P - 32A C3032,Cái,140140
CB-3P50ASINO,Cầu dao tự động Sino 3P - 50A C3050,Cái,190036
CB-3P63ASINO,Cầu dao tự động Sino 3P - 63A C3063,Cái,190036
CB40A1PEZ9,Cầu dao tự động (CB)- Easy9-341 1P 40A C Schneider,Cái,81261
CB40A2PEZ9SCHNIEDER,Cầu dao tự động (CB)- Easy9-342 2P 40A C Schneider,Cái,195271
CB40A2PSCHNEIDER,Cầu dao tự động(CB) A9K - IK60N-242 2P 40A C Schneider,Cái,256050
CB40ASCHNEIDER,Cầu dao tự động (CB) A9K-IK60N-241 1P 40A C Schneider,Cái,91224
CB50A1PEZ9,Cầu dao tự động (CB)- Easy9-341 1P 50A C Schneider,Cái,107997
CB50A2PEZ9SCHNIEDER,Cầu dao tự động (CB)- Easy9-342 2P 50A C Schneider,Cái,250687
CB50A2PSCHNEIDER,Cầu dao tự động (CB) A9K- IK60N-242 2P 50A C Schneider,Cái,429169
CB50ASCHNEIDER,Cầu dao tự động (CB) A9K- IK60N-241 1P 50A C Schneider,Cái,116622
CB63A1PEZ9SCHNEIDER,Cầu dao tự động (CB)- Easy9-341 1P 63A C Schneider,Cái,117815
CB63A2PEZ9SCHNIEDER,Cầu dao tự động (CB)- Easy9-342 2P 63A C Schneider,Cái,264911
CB63A2PSCHNEIDER,Cầu dao tự động (CB) A9K- IK60N-242 2P 63A C Schneider,Cái,357641
CB63ASCHNEIDER,Cầu dao tự động (CB) A9K- IK60N-241 1P 63A C - Schneider,Cái,116622
CBCOC-10A,CB Cóc - Cầu Dao tự động - 10A Lioa,Cái,29583
CBCOC-15A,CB Cóc - Cầu Dao tự động - 15A Lioa,Cái,30213
CBCOC-20A,CB Cóc - Cầu Dao tự động - 20A Lioa,Cái,33718
CBL1000LD,Chân bồn lạnh Inox 1000 lít  đứng,Chân,0
CBL1000LD-QC,Chân bồn lạnh 1000 lít  đứng - Inox 201,Chân,0
CBL1000LN,Chân bồn lạnh Inox 1000 lít  ngang,Chân,12761
CBL1000NINOX304,Chân bồn lạnh 1000N (INOX 304),Cái,462000
CBL1500LD,Chân bồn lạnh Inox 1500 lít  đứng,Chân,0
CBL1500LN,Chân bồn lạnh Inox 1500 Lít ngang,Cái,0
CBL1500NINOX304,Chân bồn lạnh 1500N (INOX 304),Cái,329500
CBL2000LD,Chân bồn lạnh Inox 2000 lít  đứng,Chân,0
CBL2000LN,Chân bồn lạnh Inox 2000 lít  ngang,Chân,0
CBL2000NINOX304,Chân bồn lạnh 2000N (INOX 304),Cái,1055000
CBL2500N,Chân bồn lạnh Inox 2500 lít  ngang,Cái,7205000
CBL3000LD,Chân bồn lạnh Inox 3000 lít  đứng,Chân,0
CBL3000LN,Chân bồn lạnh 3000 lít ngang,Cái,0
CBL3000LNINOX,Chân bồn lạnh 3000 lít ngang Inox 304,Cái,0
CBL300LD,Chân bồn lạnh Inox 300 lít  đứng,Chân,0
CBL300LN,Chân bồn lạnh Inox 300 lít  ngang,Chân,0
CBL4000LN,Chân bồn lạnh 4000 lít ngang,Cái,0
cbl5000L,CHân bồn lạnh 5.000L ngang,Chân,0
CBL500LD,Chân bồn lạnh Inox 500 (700) lít  đứng,Chân,0
CBL500LN,Chân bồn lạnh Inox 500 lít  ngang,Chân,103328
CBL500NINOX304,Chân bồn lạnh 500N (INOX 304),Cái,0
CBL700LN,Chân bồn lạnh Inox 700 lít  ngang,Chân,0
cd,ccc,Kg,0
CG114/90BM,Co giảm Ø 114/90 BM,Cái,14302
CG11460BM,Co giảm  Ø 114/60 mỏng BM,Cái,27720
CG27/21BM,Co giảm Ø 27/21 dày BM,Cái,4548
CG34/21BM,Co giảm Ø 34/21 dày BM,Cái,3479
CG34/27BM,Co giảm  Ø 34/27 dày BM,Cái,4232
CG42/27BM,Co giảm Ø 42/27 dày BM,Cái,9288
CG42/34BM,Co giảm Ø 42/34 dày BM,Cái,5606
CG49/27BM,Co giảm Ø 49/27 dày BM,Cái,7699
CG49/34BM,Co giảm Ø 49/34 dầy BM,Cái,9807
CG60/27DH,Co giảm Ø 60/27 Đạt Hòa,Cái,0
CG60/34BMD,Co Giảm Ø 60/34 dày BM,Cái,10319
CG60/34DH,Co giảm Ø 60/34 ĐH,Cái,33069
CG60/42BMD,Co GiảmØ 60/42 dày BM,Cái,12908
CG60/42MX,Co giảm Ø 60/42 MX,Cái,6321
CG90/60BMD,Co giảm Ø 90/60 dày BM,Cái,53676
CG90/60BMM,Co giảm Ø 90/60 BM,Cái,9045
CHANBONCN,Chân Bồn Công Nghiệp,Cái,0
CHANCONGNGHIEP,Chân hộp tuần hoàn bồn công nghiệp,Bộ,0
CHANLAVABO284,Chân lavabo L-284V,Cái,1124778
CHANLAVABO288,Chân lavabo L-288V,Cái,520000
CHANLAVABO299V,Chân Chậu rửa Lavabo 298V,Cái,762000
CHANLAVABOTREOZICO691M,LAVABO chân Treo ZICO 691M,Bộ,920000
CHANMAY12,Chân máy NLMT 12 - 01,Bộ,0
CHANMAY12D58,Chân máy NLMT 12D58,Bộ,1200000
CHANMAY14,Chân máy NLMT 14 - 01,Bộ,0
CHANMAY14D58,Chân Máy NLMT 14D58,Bộ,133775
CHANMAY15,Chân máy NLMT 15 - 01,Bộ,0
CHANMAY15D58,Chân máy NLMT 15D58,Bộ,674437
CHANMAY16,Chân máy NLMT 16 - 01,Bộ,0
CHANMAY16D58,Chân Máy NLMT 16D58,Bộ,369620
CHANMAY18,Chân máy NLMT 18 - 01,Bộ,0
CHANMAY18D58,Chân máy NLMT 18d58,Bộ,0
CHANMAY20,Chân máy NLMT 20 - 01,Bộ,0
CHANMAY20D58,Chân máy NLMT 20D58,Bộ,27761
CHANMAY2201,Chân máy NLMT 220 lít SLK01,Bộ,0
CHANMAY22D58,Chân máy NLMT 22D58,Bộ,0
CHANMAY24,Chân máy NLMT 24 - 01,Bộ,0
CHANMAY24D58,Chân máy NLMT 24D58,Bộ,0
CHANMAY26D58,Chân Máy NLMT 26D58,Cái,2600000
CHANMAY30,Chân máy NLMT 30 - 01,Bộ,0
CHANMAY30D58,Chân máy NLMT 30D58,Bộ,3000000
CHANTAM150,Chân máy tấm SPE150,Bộ,0
CHANTAM180,Chân máy tấm SPE 180,Bộ,0
CHANTAM220,Chân máy tấm SPE 220,Bộ,0
CHANTAM300,Chân máy tấm SPE 300,Bộ,0
CHAU1HOC,Chậu rửa chén 1 hộc inox 304 (780*460),Cái,1550000
CHAULAVABOCOMBOO8194,Chậu Lavabo đặt bàn ComBoo 8194,Bộ,520000
CHAURCDUC1NGAN,Chậu rửa Đúc Nano 1 ngăn,Cái,1350000
CHAURCZKD-10048,Chậu Rửa Chén Zico KD-10048(1000*480*230) - 1 cánh 2 hộc,Bộ,2831000
CHAURUA1HOCWT-Y,Chậu rửa 1 hộc đơn VVP SUS304 WT-Y(430x380x182mm),Cái,190000
CHAURUA2HOC201WH,Chậu rửa không cánh 201(nhỏ) WH,Cái,1090000
CHAURUA2HOC304WC2,Chậu rửa 2 hộc 1 cánh WC2  304( 1057x462x220mm),Cái,4121600
CHAURUA2HOCWD3,Chậu rửa 2 hộc 1 cánh WD3 - Sọc thẳng (1091 x 477 x 230 mm),Cái,1841400
CHAURUAC-8245-304,Chậu rửa chén 8245 2 hộc không cánh (80*45*23),Bộ,1010000
CHAURUADOI390WF-E3,Chậu rửa đôi không cánh WF-E3 VVP390 SUS304(801x476x220mm),Cái,1585000
CHAURUALAVABO280,Chậu rửa lavabo L-280V,Cái,362000
CHAURUALAVABO284,Chậu rửa lavabo L-284V,Cái,545000
chbm315M,Lơi BM 315 TC,Cái,1801116
CHD114DH,Lơi 114 đạt hòa,Cái,19309
CHd25BM,Chếch (Lơi) 450 Ø 25 PP-R BM,Cái,5558
ChD27DH,lơi 27 đạt hòa,Cái,2136
chd315mh,Lơi 315 vpc minh hùng,Cái,1870000
CHd32BM,Chếch (Lơi) 450 Ø 32 PP-R BM,Cái,7540
CHEN47,Bát đỡ ống phi 47,Cái,0
CHEN58,Bát đỡ ống phi  58,Cái,1447
CHENXABONG,Chén xà bông Vạn Tường,Cái,50000
chO,L,Cái,14960
CHUOIDH21,Chuôi đồng hồ 21,Cái,0
CHUONGDIENCODAY-SINO,Chuông điện có dây reng Sino 220V-308VL,Cái,110160
CN251/2BM,Cút ren ngoài Ø 25*1/2 PP-R BM,Cái,67392
CNd32BM,Cút ren ngoài Ø 32*1 PP-R BM,Cái,305800
CNIN2721,Cà ná Inox 27/21,Cái,27937
CNIN34/21,cà rá inoc 34/21,Cái,37250
CNIN34/27,Cà ná Inox 34/27 inox,Cái,18234
CNIN42/27INOX,Cà ná  Inox 42/27 inox,Cái,37000
CNIN42/34INOX,Cà ná  Inox 42/34 inox,Cái,38765
CNIN49/34,Cà ná Inox 49/34,Cái,35586
CNIN49/42,Cà ná Inox 49/42,Cái,63263
CNIN60/49,Cá ná iNOX  Ø 60/49,Cái,99468
co110,Co 110 PPR BM,Cái,446160
CO110PVC-BM,Co BM Ø 110 M PN6,Cái,65880
CO114DPVC-BM,Co BM Ø 114 dày,Cái,62280
CO114MPVC-BM,Co BM Ø 114 Mỏng,Cái,30114
CO140MPVC-BM,Co BM Ø 140 PN4,Cái,86238
CO168MPVC-BM,Co BM Ø 168,Cái,94630
CO16SINO,Co trơn 16 SINO - E244/16,Cái,1150
CO200PVC-BM,Co PVC - U 200 PN6,Cái,363096
CO20BMVN,Co 20 PPR BM VN,Cái,878
CO20-PPRBM,Co 900 Ø 20 PP-R BM,Cái,1500
CO20SINO,Co trơn 20 SINO - E244/20,Cái,1947
CO21DPVC-BM,Co BM Ø 21 dày,Cái,1430
CO220PVC-BM,Co 220 PVC BM PN9,Cái,325064
CO25BMVN,Co 25 PPR BM VN,Cái,2372
CO25PL,Co 25 PPR PIPELIFE,Cái,15950
CO25PPR,Co 900 Ø 25 PPR đen,Cái,1496
CO25SINO,Co trơn 25 SINO - E244/25,Cái,2649
CO25UV,Co 25 PPR UV BM,Cái.,2891
CO27PVCBM,Co BM Ø 27 dày,Cái,2630
CO32BMVN,Co 32 PPR BM VN,Cái,4070
CO32DEN,Co 900 Ø 32 PP-R,Cái,3466
CO32PL,Co 32 PPR PIPELIFE,Cái,26180
CO32SINO,Co trơn 32 SINO - E244/32,Cái,9817
CO34DPVC-BM,Co BM Ø 34 dày,Cái,3683
CO40BMVN,Co 40 PPR BM VN,Cái,8632
CO42DPVC-BM,Co BM Ø 42 dày,Cái,4776
CO49DPVC-BM,Co BM Ø 49 dày,Cái,9691
CO50BMVN,Co 50 PPR BM VN,Cái,9852
CO60DPVC-BM,Co BM Ø 60 dày,Cái,6204
CO60MPVC-BM,Co BM Ø 60 Mỏng,Cái,5688
CO63BM,Co 90 Ø 63 PP-R BMVN,Cái,53394
CO75MPVC-BM,Co BM Ø 75,Cái,13812
CO90DHM,Co ĐH Ø 90 mỏng,Cái,24939
CO90DPVC-BM,Co BM Ø 90 dày,Cái,18569
CO90HSM,Co HS Ø 90 mỏng,Cái,19532
CO90MPVC-BM,Co BM Ø 90 Mỏng,Cái,14040
COCTIEPDIA,Cọc tiếp địa (2m4/ cây),Cây,190716
CODE21,Cổ Dê 21,Cái,14000
CODE21 - 304,Cổ Dê 21 - 304,Cái,8000
CODE42,Cổ Dê 42,Cái,3000
CODH114,Co 114 đạt hòa,Cái,30002
CODHD34,Co ĐH Ø 34 dày,Cái,4605
COHS34,Co HS Ø 34 dày,Cái,4947
CONGTACNGANG,Công Tắc Ngang Lioa,Cái,9230
CONTHONO90TP,Con thỏ Ø 90 Tiền Phong,Bộ,57179
COO,C9,Cái,0
CORENINOXD27,Co Ren Inox 27,Cái,17334
cornbmd34,Co ren ngoài BM Ø 34 dày,Cái,7771
CPMH,Chi phí mua hàng,Cái,0
CRN201/2PL,Co ren ngoài 20 x1/2 PPR PIPELIFE,Cái,97680
CRN201/2PPR,Co ren ngoài Ø 20*1/2 PP-R BM,Cái,65919
CRN21THAUBM,Co ren ngoài BM Ø 21 thau,Cái,9499
CRN251/2BM,Co ren ngoài 25 x1/2 PPR BM VN,Cái,32843
CRN251/2PL,Co ren ngoài 25 x1/2 PPR PIPELIFE,Cái,112200
CRN253/4BM,Co ren ngoài Ø 25*3/4 PP-R BM,Cái,125677
CRN2721DHTHAU,Co RN 21 ống 27 thau DH,Cái,23082
CRN2721NHUABM,Co Ø 27 ren ngoài  21 BM Nhựa,Cái,3800
CRN2721THAUBM,Co Ø 27 ren ngoài 21 BM thau,Cái,19411
CRN27NHUABM,Co ren ngoài Ø 27 BM Plastic,Cái,2843
CRN27THAUBM,Co ren ngoài BM 27 thau,Cái,30928
CRN323/4BM,Co ren ngoài 32 x3/4 PPR BM,Cái,108000
CRN34/27BM,Co 27 x RN 34 nhựa BM VN,Cái,9552
CRN34NHUABM,Co ren ngoài dầy 34 PVC,Cái,5037
crnd21tdh,Co răng ngài 21 thau đạt hòa,Cái,41464
CRT20X1/2BMVN,Co RT 20 x1/2 BM VN,Cái,4791
CRT20X1/2PL,Co RT 20 x 1/2 PPR PIPELIFE,Cái,68750
CRT21THAUBM,Co ren trong BM Ø 21 thau,Cái,6652
CRT251/2PPRXANH,Co ren trong Ø 25*1/2 PPR,Cái,16289
CRT253/4BM,Co ren trong Ø 25*3/4 PP-R BM,Cái,123228
CRT253/4PPR,Co ren trong Ø 25*3/4 PPR đen,Cái,18309
CRT253/4UV,Co RT thau PPR UV 25 x3/4  BM,Cái,21201
CRT25X1/2BMVN,Co RT 25 x 1/2 PPR BM VN,Cái,16023
CRT25X1/2PL,Co RT 25 x 1/2 PPR PIPELIFE,Cái,81400
CRT25X3/4BMVN,Co RT 25 x 3/4 PPR BM VN,Cái,21046
CRT25X3/4PL,Co RT 25 x 3/4 PPR PIPELIFE,Cái,100760
CRT2721THAUBM,Co Ø 27 ren trong thau 21 BM,Cái,7986
CRT27INOX,Co ren trong BM Ø 27 inox,Cái,20664
CRT27T,Co ren trong 27 thau,Cái,10953
CRT32*1',CO REN TRONG 32*1'',Cái,63042
CRTBMD21,Co ren trong BM 21 nhựa,Cái,2726
CRTBMD27,Co ren trong BM Ø 27 Plastic,Cái,5990
CSNMALAI,Cao su non MALAI,Cái,800
CT,Côn t,Cái,4840
CT-1,C,Cái,66960
CT1CONCEPT,Công tắc 1 chiều có dạ quang SizeS- 16AX CONCEPT(3031-1-2M-F-G19),Cái,17371
CT1ZENCELO,Công tắc 1 chiều Size S ZENCELO A (8431S_1_BZ_G19),Cái,62573
CT2CONCEPT,Công tắc 2 chiều có dạ quang Size S CONCEPT(3031-2-3M-F-G19),Cái,32269
CT2ZENCELO,Công tắc 2 chiều Size S ZENCELO A (A8431S_2_BZ_G19),Cái,66990
CTd201/2BM,Cút ren trong Ø 20*1/2 PP-R BM,Cái,4125880
CTd251/2BM,Cút ren trong Ø 25*1/2 PP-R BM,Cái,33176
CTd321BM,Cút ren trong Ø 32*1 PP-R BM,Cái,275000
CTd40/20BM,Côn thu (Nối giảm) Ø 40/20 PP-R BM,Cái,4662
CTd40/25BM,Côn thu (Nối giảm) Ø 40/25 PP-R BM,Cái,10780
CTd40/32BM,Côn thu (Nối giảm)  Ø 40/32 PP-R BM,Cái,13232
CTd50/20BM,Côn thu (Nối giảm)  Ø 50/20 PP-R BM,Cái,6630
CTd50/25BM,Côn thu (Nối giảm)  Ø 50/25 PP-R BM,Cái,32452
CUI10PINOX2DRN34,Cùi 10P 2 đầu RN 34 Inox,Cái,30000
CUI10PINOX2DRN42,Cùi 10P 2 đầu RN 42 Inox,Cái,129940
CUI15PINOX34,Cùi 15P 2 đầu RN 34 Inox,Cái,88184
CUI15PINOX49,Cùi 15P 2 đầu RN 49 Inox,Cái,81324
CUI20PINOX2DRN34,Cùi 20P 2 đầu RN 34 Inox,Cái,50000
CUIINOX1DAURN27,Cùi Inox 1 Đầu RN 27,Cái,0
CUM114,Cùm treo 114  tốt,Cái,5416
CUM140,Cùm treo 140 tốt,Cái,10101
CUM168,Cùm treo 168 tốt,Cái,17424
CUM21,Cùm treo 21,Cái,3633
CUM27,Cùm treo 27,Cái,4137
CUM34,Cùm treo 34,Cái,5790
CUM42,Cùm treo 42,Cái,4270
CUM49,Cùm treo 49,Cái,5372
CUM60,Cùm treo 60 tốt,Cái,4323
CUM90,Cùm treo 90 tốt,Cái,5319
CUMU114x10,Cùm U d114 x10mm,Bộ,8000
CUMU168x10,Cùm U d168 x10mm,Bộ,0
CUMU49x10,Cùm U d49 x 10mm,Bộ,0
CUMU60x10,Cùm U d60 x10mm,Cái,6500
CUMU90x10,Cùm U D90 x10mm,Bộ,0
CUONDAYDANNUOCD18,Cuộn dây dẫn nước d18,Cuộn,0
CV1.5CADIVIDEN,"Dây 1.5-0,6/1KV CADIVI (100m/cuộn) - Đen",Mét,2592
CV1.5CADIVIDO,"Dây 1.5-0,6/1KV CADIVI (100m/cuộn) - Đỏ",Mét,2625
CV1.5CADIVITER,Dây CV1.5 - 0.6/1kV - AN-NZS-5001- TER,Mét,5500
CV1.5CADIVIVANG,"Dây 1.5-0,6/1KV CADIVI (100m/cuộn) - Vàng",Mét,5341
CV1.5CADIVIXANH,"Dây 1.5-0,6/1KV CADIVI (100m/cuộn) - Xanh",Mét,2693
CV10CADIVIDEN,"Dây 10 - 0,6/1KV CADIVI (100m/cuộn) - ĐEN",Mét,34420
CV10CADIVIDO,"Dây 10 - 0,6/1KV CADIVI (100m/cuộn) - Đỏ",Mét,28644
CV10CADIVITER,"Dây 10 - 0,6/1KV CADIVI (100m/cuộn) - TER",Mét,39555
CV10CADIVIVANG,"Dây 10 - 0,6/1KV CADIVI (100m/cuộn) - Vàng",Mét,64876
CV10CADIVIXANH,"Dây 10 - 0,6/1KV CADIVI (100m/cuộn) - Xanh",Mét,29380
CV16CADIVI,"Dây 16 - 0,6/1KV CADIVI (100m/cuộn)",Mét,96358
CV2.5CADIVIDEN,"Dây 2.5 - 0,6/1KV CADIVI (100m/cuộn) Đen",Mét,6924
CV2.5CADIVIDO,"Dây 2.5 - 0,6/1KV CADIVI (100m/cuộn) - Đỏ",Mét,6185
CV2.5CADIVITER,Dây CV2.5-0.6/1kV - AN-NZS-5000.1 - TER,Mét,5960
CV2.5CADIVIVANG,"Dây 2.5 - 0,6/1KV CADIVI (100m/cuộn) Vàng",Mét,4720
CV2.5CADIVIXANH,"Dây 2.5 - 0,6/1KV CADIVI (100m/cuộn) Xanh",Mét,5372
CV25CADIVI,"Dây 25 - 0,6/1KV CADIVI (100m/cuộn)",Mét,106788
CV2x1.5 CADIVI,Dây 2x1.5 CVV - 300/500V CADIVI,Mét,5563
CV2x2.5CADIVI,Dây 2x2.5 CVV 300/500V CADIVI,Mét,23192
CV3.5CADIVIDEN,Dây 3.5 (7/0.8)-600V CADIVI (100m/cuộn) Đen,Mét,15917
CV3.5CADIVIDO,Dây 3.5 (7/0.8)-600V CADIVI (100m/cuộn) Đỏ,Mét,15917
CV3.5CADIVITER,Dây CV3.5 - 0.6/1kV - TER,Mét,9814
CV3.5CADIVIVANG,Dây 3.5 (7/0.8)-600V CADIVI (100m/cuộn) Vàng,Mét,10706
CV3.5CADIVIXANH,Dây 3.5 (7/0.8)-600V CADIVI (100m/cuộn) Xanh,Mét,5403
CV35CADIVI,"Dây 35 - 0,6/1KV CADIVI (100m/cuộn)",Mét,147752
CV4.0CADIVIDO,"Dây 4.0 - 0,6/1KV CADIVI (100m/cuộn) Đỏ",Mét,11826
CV4.0CADIVITER,Dây CV4.0-0.6/1kV - AN-NZS-5000.1 - TER,Mét,5718
CV4.0CADIVIXANH,"Dây 4.0 - 0,6/1KV CADIVI (100m/cuộn) - Xanh",Mét,15204
CV5.5CADIVIDO,Dây 5.5 (7/1) - 600V CADIVI(100m/cuộn) Đỏ,Mét,23221
CV5.5CADIVIXANH,Dây 5.5 (7/1) - 600V CADIVI(100m/cuộn) - Xanh,Mét,23221
CV6.0CADIVIDEN,Dây 6.0 - 0.6/1KV CADIVI (100m/cuộn) - Đen,Mét,9606
CV6.0CADIVIĐO,Dây 6.0 - 0.6/1KV CADIVI (100m/cuộn) - Đỏ,Mét,33418
CV6.0CADIVITER,Dây 6.0 - 0.6/1KV CADIVI (100m/cuộn) - TER,Mét,24259
CV6.0CADIVIVANG,Dây 6.0 - 0.6/1KV CADIVI (100m/cuộn) - Vàng,Mét,20778
CV6.0CADIVIXANH,Dây 6.0 - 0.6/1KV CADIVI (100m/cuộn) - Xanh,Mét,16209
CV8CADIVIDO,"Dây 8 (7/1,2) - 600V CADIVI (100m/cuộn) Đỏ",Mét,21894
CV8CADIVITE,"Dây 8 (7/1,2) - 600V CADIVI (100m/cuộn) TE",Mét,36531
CV8CADIVIXANH,"Dây 8 (7/1,2) - 600V CADIVI (100m/cuộn) - Xanh",Mét,20431
CVV2x10CDV,Dây CVV 2x10 Cadivi,Mét,92730
CXV6.4LOICADIVI,Dây cáp 6.0mm 4 lõi CXV 4*6-0.6/1kv CADIVI,Mét,107470
D,Dây,Dây,0
D.0,D,Cái,0
DACAT,Đá Cắt,Cái,1000
DAIINOX114,"Đai, tac kê 114",Bộ,4530
DAIINOX21,"Đai, Vít ,tắc kê 21",Bộ,109
DAIINOX27,"Đai, Vít ,tắc kê 27",Bộ,635
DAIINOX34,"Đai, Vít ,tắc kê 34",Bộ,1413
DAIINOX42,"Đai, tac kê 42",Bộ,2483
DAIINOX49,"Đai, tac kê 49",Bộ,2333
DAIINOX60,"Đai, Vít ,tắc kê 60",Bộ,2393
DAIINOX90,"Đai, tac kê 90",Bộ,2480
DAINAPBONLANH,Nắp bồn lạnh,Bộ,0
DAISENTRON,Đài Sen Tròn,Bộ,125467
DAISENVUONG,Bát Sen vuông,Bộ,125000
DATACAT6Z,Ổ Data Cat6 sizeS ZENCELO A (8431SRJ6V-BZ-G19),Cái,174630
DAUHAN63,Đầu hàn nhiệt 63,Cái,0
DAUHAN75,Đầu hàn nhiệt 75,Cái,0
DAUHANNHIET50,Đầu hàn nhiệt 50,Cái,0
DAYCAP4TTRANG,Dây cấp 4T  trắng,Dây,11571
DAYCAP5TVANG,Dây cấp 5T,Dây,24912
DAYCAPLABOINOX4T,Dây cấp lavabo  INOX  4T,Dây,4549
DAYCAPLANH60,Dây cấp lavabo  INOX  6T,Cái,92890
DAYCAPLANH80,Dây cấp lavabo  INOX  8T,Bộ,53271
DAYCAPNL60,Dây cấp nóng lạnh 60cm,Cái,66666
DAYDIENTHOAI,Dây điện thoại,Mét,3275
DAYMOI,Dây mồi luồn dây điện 10m,Cuộn,0
DAYRUT1T,Dây Rút 1 Tấc,Bịch,4000
DAYRUT2T,Dây Rút 2 Tấc,Bịch,9182
dayrut2tac,Dây rút 2 tấc,Bịch,11000
DAYRUT2Tt,Dây Rút 2 Tấc,Bịch,18000
DAYRUT3T,Dây Rút 3 Tấc,Bịch,13063
dayrut3tac,Dây rút 3 tấc,Bịch,12000
DAYRUT4T,Dây Rút 4 Tấc,Bịch,32000
DAYRUT4TAC,Dây rút 4 tấc,Bịch,32000
DAYRUT5,Dây Rút Tấc 5,Bịch,55000
DAYRUT5T,Dây Rút 5 Tấc,Bịch,79500
DAYRUT5TAC,Dây rút 5 tấc,Bịch,55300
DAYRUT6TAC,Dây rút 6 tấc,Bịch,66667
DAYTV,Dây Tivi SINO - GR6/5C,Mét,2379
DAYTVSINO5C,Dây Ti Vi SINO đen lõi đồng 5C-FB/BC/96/SN,Mét,5219
DAYTVSINOBCTRANG,Dây Ti Vi SINO trắng liền nguồn lõi đồng RG59/BC+2cx0.4SN/SN/TR/SN,Mét,7900
DEAMDOI,Đế âm đôi SINO - SN - 2157/D SN(70 cái/thùng),Cái,5179
DEAMDON,Đế âm đơn SINO SN - S2157 (137 cái/thùng),Cái,2213
DEAMDONVUONG,Đế âm đơn vuông 80x80x42.5 mm Nanoco,Cái,4340
DEAMNGANSINO,Đế âm vuông ngắn SINO,Cái,3431
DEAMSAU,Đế âm vuông sâu SINO,Cái,3990
DEAMVUONGSND,Đế âm vuông cho măt dơn chuẩn anh AvatarOn A3B050 G19 Schnider,Cái,22176
DENBN -1m2,Đèn led bán nguyệt 40w - 1m2,Cái,127994
DENBN-0m6,Đèn led bán nguyệt 25w - 0m6,Cái,90516
DENOIDOISINO,Đế nổi đôi Sino nhựa chữ nhật cao S18;S186-CK157RH,Cái,11186
DENOIDONSINO,Đế nổi đơn Sino nhựa chữ nhật cao S18;S186-CK157RH,Cái,4840
DHNLVN,Đồng hồ nước  nhựa VN,Cái,230000
dl01,Dẻ vụn,Kg,0
DOMINO10,Domino nhựa 10 mm2,Cây,25000
DOMINO16,Domino nhựa 16 mm2,Cây,50000
donghonuocdong,Đồng hồ nước đồng  phú thịnh,Cái,95000
DUOIDENNGOI,Đuôi đèn ngồi - đa năng 2 in 1- 100w - 250V,Cái,9750
DUOIDENXOAYDEN,Đuôi đèn xoáy Đen Lioa,Cái,6097
DUOIDENXOAYTRANG,Đuôi đèn xoáy Trắng Lioa,Cái,5724
DUPE Y75 DN65,Đúp pê Ý  DN65 ( ITALY),Cái,0
GALAXY12D5803,Máy nước nóng NLMT 12 Ø 58 GALAXY 304,Cái,0
GIADOBONCONGNGHIEP,Giá đỡ Inox bồn công nghiệp,Cái,2000000
GUONGDO4116,Gương vuông DO-4116(45x60cm),Cái,351000
GUONGZICOK03,Gương Zico ZC K03 (45*60),Cái,98000
GUONGZICOK06,Gương Zico ZC K06 (45*60),Cái,105000
HAT1CHIEUSINO,Hạt công tắc 1 Chiều Sino S18-S30/1/2M,Cái,9234
HAT2CHIEUSINO,Hạt công tắc 2 Chiều Sino S18-S30M,Cái,13011
HAT2CUCSINO20A,Hạt công tắc 2 Cực Sino 20A - S30MD20,Cái,61570
hdpebm2007.7mm,Ống HDPE BM 200 x 7.7mm,Mét,349250
HOPDUNGMCB2PHA,Hộp đựng MCB 2pha,Cái,13000
HOPGIAY,Hộp Giấy KSH-64,Cái,105000
HOPNOI110SINO,Hộp nối 110 x110 x50 SINO - E265A/2,Cái,9155
HOPNOI150SINO,Hộp nối 150 x150 x50 SINO - E265/3,Cái,42000
HOPNOI160SINO,Hộp nối 160 x160 x50 SINO - E265A/3,Cái,31779
HOPNOI185SINO,Hộp nối 185 x185  x 50 SINO - E265A/43,Cái,70029
HOPNOI200SINO,Hộp nối 200 x 200  SINO,Cái,45560
HOPNOI235x235x80,Hộp nối dây tự chống cháy 235 x 235 x 80 mm không lỗ,Cái,45560
HOPTUANHOAN,Hộp tuần hoàn Inox 304,Hộp,387983
HTD,Hỗ trợ điện,Cây,0
INOX3ZEM,Inox 304 3 Zem,Kg,90610
K,K,Cái,0
K100g,Keo dán ống BM 100gr,Tuýp,20196
K1kg,Keo dán ống BM 1Kg,Hộp,177012
K200g,Keo dán ống BM 200gr,Hộp,22737
K25g,Keo dán ống BM 25gr,Tuýp,6480
K500g,Keo dán ống BM 500gr,Hộp,43645
K500GBMV,Keo dán ống BMV 500gr,Cái,36364
K50g,Keo dán ống BM 50gr,Tuýp,5078
KE2LYVT830,Kệ 2 ly Vạn Tưởng VT830,Cái,700000
KEGOCDUNG1TANG,Kê góc inox 1 tầng,Cái,295000
KEGOCINOX1TANG,Kê góc inox 1 tầng,Cái,125000
KEGOCINOX2TANG222B,Kê góc inox 2 tầng 222B,Cái,1355000
KEGUONG,Kệ Gương KS-KK1,Cái,120000
KEGUONGINOX304,Kê gương inox 304,Cái,180000
KEKHANINOX,Kê khăn inox 304,Cái,217387
KEKINH1081,Kệ kính cường lực D.O,Cái,242000
KEKINH4012,Kệ kính cường lực DO4012(120x500x8),Cái,182000
KEKINHKK1T,Kệ Kính 1 Thanh,Cái,83334
KEOCATONG,Kéo Cắt Ống,Cái,91389
KEP16SINO,Kẹp 16 SINO - E280/16,Cái,300
KEP20SINO,Kẹp 20 SINO - E280/20,Cái,478
KEP21INOX,Hai đầu nối ren ngoài 21 Inox ( Kép 21),Bộ,2213
KEP25SINO,Kẹp 25 SINO - E280/25,Cái,1247
KEP27INOX,Nối 2 đầu RN 27 INOX (KÉP 27),Cái,21730
KEP32SINO,Kẹp 32 SINO - E280/32,Cái,3388
KEPINOX27/21,Nối 2 đầu RN 27 - 21 INOX (KÉP 27/21),Cái,21250
KEPMAYTAM,Kẹp tấm thu năng lượng,Cái,75000
KHOITHUYDANBM114/60,Khởi thủy dán 114 x 60 BM,Cái,6812
KHOITHUYDANBM90/49,Khởi Thủy dán 90x49 BM,Cái,11519
KHUNGINOXM,Khung Inox Máy 304,Khung,0
knp01,Két nước phụ,Cái,360000
KNP20,Két nước phụ 20 Lít - 304,Cái,120000
KNP40,Két nước phụ 40 Lít - 304,Cái,320000
KNP50,Két nước phụ 50 Lít - 304,Cái,377264
KNSD21,Khớp nối sống BM Ø 21 dày,Cái,12528
KNSD27,Khớp nối sống BM Ø 27 dày,Cái,17496
ksv,Khung sắt máy nước nóng (đã sơn),Khung,0
KSVBL,Khung sắt V bồn lạnh (đã sơn),Khung,0
KT20BMVN,Khúc Tránh 20 PPR BM VN,Cái,3789
KT25BMVN,Khúc Tránh 25 PPR BM VN,Cái,7427
KT25PL,Khúc Tránh 25 PPR PIPELIFE,Cái,54450
L.5,L,Cái,0
LAPTRINHTUDONG,Bộ lập trình tự động,Bộ,0
LAVABO+CHAN,Bồn Lavabo + chân treo,Bộ,420000
LCT,Lưỡi cưa tiệp,Cái,2928
LED110/9W_ASTVB-AT10,Đèn LED âm 9W phi 110 ánh sáng trắng viền bạc (AT10) - 12c/1t,Cái,88694
LED110/9W_ASTVV-AT10,Đèn LED âm 9W phi 110 ánh sáng trắng viền vàng (AT10) - 12c/1t,Cái,88695
LED110-7W-AST,Đèn LED âm phi 110 ánh sáng trắng 7W (AT04L),Cái,91960
LED110-9W-AST,Đèn LED âm phi 110 ánh sáng trắng 9W (AT04L),Cái,88480
LED90-7W-AST,Đèn LED âm phi 90 ánh sáng trắng 7W (AT04L),Cái,1725636
LED90-7W-ASV,Đèn LED âm phi 90 ánh sáng vàng 7W (AT04L),Cái,110073
LED90-9W-AST,Đèn LED âm phi 90 ánh sáng trắng 9W (AT04L),Cái,83266
LED90-9W-ASV,Đèn LED âm phi 90 ánh sáng vàng 9W (AT04L),Cái,87780
LEDOPTRAN24WDOIMAU,Đèn Led ốp trần Vuông đồi màu LN12 ĐM 300*300/24W Rạng Đông,Cái,133650
LEDTRON12W,Led tròn 12W S Trắng (LED A70N1/12W) Rạng Đông,Cái,76205
LEDTRON15W,"Led tròn 15W S Trắng (LED A80N1,95N1/15W) Rạng Đông",Cái,55067
LEDTRON20W,"Led tròn 20W S Trắng (LED A95N1,A100,A110N1/20W) Rạng Đông",Cái,82241
LEDTRON30W,Led tròn 30W S Trắng (LED A120N1/30W) Rạng Đông,Cái,121000
LEDTRON7W,Led tròn 7W S Trắng (LED A60N3/7W) Rạng Đông,Cái,29260
LEDTRON9W,Led tròn 9W S Trắng (LED A60N1/9W) Rạng Đông,Cái,34067
LEDTRU20W,Led trụ 20W S Trắng (LED TR80NĐ/20W) Rạng Đông,Cái,68448
LEDTRU30W,Led trụ 30W S Trắng (LED TR100N1/30W) Rạng Đông,Cái,96245
LEDTRU50WPANA,Bóng Led bulb trụ LOTUS 50W PANASONIC,Cái,117250
LEDTUBE10W-0.6,Đèn Led Tube (T8 600/10W) 0m6 Rạng Đông,Cái,72034
LEDTUBE20W-1.2,Đèn Led Tube (T8 1200/20W) 1m2 trắng Rạng Đông,Cái,118329
LOBON27,Lơ Bồn lạnh 27,Bộ,8430
LOBON34,Lơ Bồn lạnh 34,Bộ,15759
LOBON42,Lơ Bồn lạnh 42,Bộ,0
LOBON49,Lơ bồn lạnh 49,Bộ,28000
LOBON60,Lơ Bồn lạnh 60,Bộ,55383
LOI114DPVC-BM,Lơi (Chếch) BM Ø 114 dày,Cái,38987
LOI114MPVC-BM,Lơi (Chếch) BM Ø 114 Mỏng,Cái,22551
LOI140DPVC-BM,Lơi (Chếch) BM Ø 140 dày,Cái,205200
LOI140MPVC-BM,Lơi (Chếch) BM Ø 140 PN6,Cái,42570
LOI168PVC-BM,Lơi (Chếch) BM Ø 168 PN6,Cái,36563
LOI200PVC-BM,Lơi 200 TC BM PN8,Cái,582336
LOI20BM,Chếch (Lơi) 450 Ø 20 PP-R BM,Cái,1108
LOI20PL,Lơi 20 PPR PIPELIFE,Cái,9460
LOI21DPVC-BM,Lơi (Chếch) BM Ø 21 dày,Cái,1430
LOI220PVC-BM,Lơi 220 PVC BM PN6,Cái,511439
LOI25BMVN,Lơi 25 PPR BM VN,Cái,2287
LOI25PL,Lơi 25 PPR PIPELIFE,Cái,12980
LOI25PPR,Chếch (Lơi) 450 Ø 25 PPR đen,Cái,1471
LOI25UV,Lơi PPR 25 UV BM,Cái,2617
LOI27DPVC-BM,Lơi (Chếch) BM Ø 27 dày,Cái,2311
LOI32BMVN,Lơi 32 PPR BM VN,Cái,5761
LOI32DEN,Lơi 32 PPR,Cái,908
LOI32PL,Lơi 32 PPR PIPELIFE,Cái,27060
LOI34DPVC-BM,Lơi (Chếch) BM Ø 34 dày,Cái,3197
LOI40PPR,Chếch (Lơi) 450 Ø 40 PP-R BM,Cái,12744
LOI42DPVC-BM,Lơi (Chếch) BM Ø 42 dày,Cái,4932
LOI49DPVC-BM,Lơi (Chếch) BM Ø 49 dày,Cái,9150
LOI50PPR,Chếch (Lơi) 450 Ø 50 PP-R BM VN,Cái,51821
LOI60DPVC-BM,Lơi (Chếch) BM Ø 60 dày,Cái,7051
LOI60MPVC-BM,Lơi (Chếch) BM Ø 60 mỏng,Cái,5862
LOI63BMVN,Lơi ( Chếch 450) Ø 63 PP-R BM VN,Cái,63632
LOI75BMPPR,Chếch (Lơi) 450 Ø 75 PP-R BM,Cái,152496
LOI75DPVC-BM,Lơi (Chếch) BM Ø 75 dày,Cái,44820
LOI90DH,Lơi (Chếch) ĐH Ø 90 mỏng,Cái,19712
LOI90DPVC-BM,Lơi (Chếch) BM Ø 90 dày PN12,Cái,15203
LOI90MPVC-BM,Lơi (Chếch) BM Ø 90  PN6 Mỏng,Cái,12631
LOI90PPR,Chếch (Lơi) 450 Ø 90 PP-R BM,Cái,181548
LOICHECAUDAO,Lõi che cầu dao an toàn CONCEPT (A301SB-WE-G19),Cái,7018
Longden,Long đền,Cái,400
LOXO20,Lò xo uốn điện ống 20,Cây,47400
LOXO25,Lò xo uốn điện ống 25,Cây,66880
LPN,Lú,Cái,0
LPXD,Lệ phí xăng dầu,Cái,0
LUOIDUONG16,Ống lưới dương Ø16 - 40m/1cuộn,Mét,5618
LUOIDUONG20,Ống lưới dương Ø20 - 45m/1 cuộn (10kg),Mét,8177
LUOIDUONG25,Ống lưới dương Ø25- 45m/1 cuộn (14kg),Mét,11044
LUPBE27DH,Lúp bê 27 ĐH,Cái,3834
LUPBE42ĐH,Lúp Bê 42 ĐH,Cái,0
LUPBE49ĐH,Lúp bê 49 ĐH,Cái,0
LUPBE60ĐH,Lúp bê 60 ĐH,Cái,4546
LUPBED34N,Lúp bê 34 ĐH,Cái,21000
luppe27taijan,Lúp pê 27 taijan,Cái,13495
luppe34taijan,Lúp pê 34 taijan,.Cái,15966
luppe42taijan,Lúp pê 42 taijan,Cái,29750
MA,M,Cái,0
MANGDEN-0M6,Máng gắn đèn không Balat 0m6 Rạng Đông,Cái,32358
MANGDENDOI-1M2,Máng đèn đôi không Balat 1m2 Rạng Đông,Cái,153678
MANGDENDON-1M2,Máng đơn không Balat 1m2 Rạng Đông,Cái,28600
MAT1CBSINO,Mặt 1CB Sino kiểu M-S18VL S18121/M,Cái,11029
MAT1LOSINO,Mặt 1 lỗ Sino S181/X,Cái,10770
MAT1TB,Mặt cho 1 thiết bị Size S CONCEPT (3001-G19),Cái,10264
MAT1TBZ,Mặt che cho 1 thiết bị SizeS ZENCELO A (A8401S-SZ-G19),Cái,34634
MAT2CBSINO,Mặt 2CB Sino kiểu M-S18VL S18122/M,Cái,9375
MAT2CBZ,Mặt cho MCB 2 cực ZENCELO (A8402MCB-SZ-G19),Cái,19296
MAT2LOSINO,Mặt 2 lỗ Sino S182/X,Cái,10075
MAT2TB,Mặt cho 2 thiết bị Size S CONCEPT (A3002-G19),Cái,15153
MAT2TBZ,Mặt che cho 2 thiết bị Size S ZENCELO A (A8402S-SZ-G19),Cái,63800
MAT3LOSINO,Mặt 3 lỗ SINO S183/X,Cái,10313
MAT3TB,Mặt cho 3  thiết bị Size S CONCEPT (A3000-G19),Cái,11557
MAT3TBZ,Mặt che cho 3 thiết bị Size S ZENCELO A (A8401L-SZ-G19),Cái,33060
MAT4LOSINO,Mặt 4 lỗ SINO S184/X,Cái,12892
MAT5LOSINO,Mặt 5 lỗ SINO S185/X,Cái,12000
MAT6LOSINO,Mặt 6 lỗ SINO S186/X,Cái,12000
MATBICHVAIKEP110,"Mặt bích,vai bích kép 110 BMVN",Cái,1160460
MATBICHVAIKEP63,"Mặt bích,vai bích kép 63",Cái,586548
MATBICHVAIKEP75,"Mặt bích,vai bích kép 75 BMVN",Cái,745956
MATCAUDAOZ,Mặt cho cầu dao an toàn ZENCELO A (A8401SB-SZ-G19),Cái,13854
MATCB1CUC,Mặt cho MCB 1 cực CONCEPT(A3001MBC-WE-G19),Cái,12760
MATCB1Z,Mặt cho MCB 1 cực ZENCELO (A8401MCB-SZ-G19),Cái,31900
MATCB2CUC,Mặt cho MCB 2 cực CONCEPT(A3002MBC-WE-G19),Cái,12760
MATCBCOC,Mặt CB Cóc Lioa,Cái,6580
MATCHETRONSINOS180,Mặt che trơn SINO S180,Cái,9375
MAYBOM150W,MÁY BƠM 150W TĂNG ÁP NƯƠC NÓNG LANDISI,Cái,1090000
MAYBOM200A,Máy Bơm HREKEN 200W,Cái,1804242
MAYBOM200AHEKEN,máy bơm thông minh 200 A Rheken không hộp,Cái,753107
MAYBOM300A,Bơm  tăng áp 300A RHEKEN CAMEL,Cái,989646
MAYBOM400A,Bơm tăng áp 400A,Cái,2498000
MAYBOMBIENTAN,Máy bơm biến tần 350W,Cái,2455700
MAYBOMBT400A RHEKEN,Máy bơm nươc biến tần 400 W hiệu Rheken,Cái.,3009000
MAYBOMCAMEL200A,Máy bơm tăng áp camel 200 A,Cái,4863108
MAYBOMDAY,Máy Bơm Đẩy APOLO 1000W,Cái,1629920
MAYBOMĐẨY 200W,Bơm đẩy cao hiệu AP 200W,Cái,684000
MAYHANNHIET,Máy hàn nhiệt,Máy,220000
MAYTAM300L,Máy tấm nước nóng NLMT 300 lít  (304),Bộ,0
MNd253/4BM,Măng sông ren ngoài Ø 25*3/4 PP-R BM,Cái,67608
MNd50BM,Măng sông ren ngoài Ø 50*1.1/2 PP-R BM,Cái,478500
MND75PPRBM,Măng sông ren ngoài Ø 75 PPR BM,Cái,1595000
MOCAO,Móc Áo,Cái,24000
MSd20BM,Măng sông (Nối) Ø 20 PP-R BM,Cái,83642
MSd25BM,Măng sông (Nối) Ø 25 PP-R BM,Cái,5280
MSd32BM,Măng sông (Nối) Ø 32 PP-R BM,Cái,8140
MSd40BM,Măng sông (Nối) Ø 40 PP-R BM,Cái,46188
MSd50BM,Măng sông (Nối) Ø 50 PP-R BM,Cái,30554
MSRTINOX27,Măng sông ren trong inox 27,Cái,22000
MSRTINOX34,Măng sông ren trong inox 34,Cái,48000
MSRTINOX49,Măng sông ren trong inox 49,Cái,91000
MTd201/2BM,Măng sông ren trong Ø 20*1/2 PP-R BM,Cái,26572
N,Nố,Cái,0
n000,Nố,Cái,0
N012,N,Cái,18340
N25HDPE,Nối 25 HDPE,Cái,40000
N-3,N,Cái,40000
NAPCHE,Nắp che công tắc ngoài trời,Cái,67321
NB114BM,Nút bịt (nắp khoá) BM Ø 114 dày,Cái,60363
NB114TH,Nút bịt Ø 114 TH,Cái,4560
NB140RM,Nút bịt Ø 140,Cái,6581
NB168RM,Nút bịt Ø 168,Cái,19465
NB200PVC,Nút bịt Ø 200 PVC,Cái,66800
NB20PPRBM,Nút bịt Ø 20 PP-R BM,Cái,3223
NB21BM,Nút bịt (nắp khoá) BM Ø 21 dày,Cái,397
NB21TH,Nút bịt Ø 21 TH,Cái,579
NB220D,Nút bịt Ø 220,Cái,53062
NB25PPRBM,Nút bịt Ø 25 PP-R BM,Cái,1610
NB27BM,Nút bịt (nắp khoá) BM Ø 27 dày,Cái,629
NB27TH,Nút bịt Ø 27 TH,Cái,394
NB32PPRBM,Nút bịt Ø 32 PP-R BM,Cái,5376
NB34BM,Nút bịt (nắp khoá) BM Ø 34 dày,Cái,186
NB34TH,Nút bịt Ø 34 TH,Cái,338
NB40PPRBM,Nút bịt Ø 40 PP-R BM,Cái,9939
NB42BM,Nút bịt (nắp khoá) BM Ø 42 dày,Cái,4524
NB42TH,Nút bịt Ø 42 TH,Cái,527
NB49BM,Nút bịt (nắp khoá) BM Ø 49 dày,Cái,1642
NB49TH,Nút bịt Ø 49 TH,Cái,2235
NB50PPRBM,Nút bịt Ø 50 PP-R BM,Cái,48620
NB60BM,Nút bịt (nắp khoá) BM Ø 60 dày,Cái,669
NB60TH,Nút bịt Ø 60 TH,Cái,1056
NB63PPRBM,Nút bịt  Ø 63  PP-R BM,Cái,75871
NB75PPRBM,Nút bịt  Ø 75  PP-R BMVN,Cái,180576
NB90BM,Nút bịt (nắp khoá) BM Ø 90 dày,Cái,28062
NB90TH,Nút bịt Ø 90 TH,Cái,2630
NBCAOSU25MONG,Nút bịt Cao su 25 (Mỏng),Cái,0
NBCS25,Nút bịt cao su D25 (Dầy),Cái,1295
NBD110BM,Nút bịt  Ø 110  PP-R BMSX,Cái,198000
NBLLON,Nắp bồn lạnh lớn,Cái,106897
NBRN20PPR,Nút bịt ren ngoài 20 PPR BM (Nắp khóa),Cái,5619
NBRN21BM,Nút bịt RN BM Ø 21,Cái,665
NBRN27BMD,Nút bịt ren ngoài 27 BM,Cái,1122
NBRN27INOX,Nút bịt ren ngoài 27 INOX,Cái,18889
NBRN34,Nút bịt ren ngoài 34,Cái,1175
NBRN34THAU,Nút bịt RN thau 34,Cái,38458
NBRN42INOX,Nút bịt RN 42 INOX,Cái,36500
NBRN49INOX,Nút bịt Thau Ren 49 INOX,Cái,49594
NBRN60inox,Nút bịt RN60 inox,Cái,65727
NBRT21BM,Nút bịt RT Ø 21 BM,Cái,1025
NBRT21INOX,Nút bịt ren trong INOX 21,Cái,14800
NBRT27INOX,Nút bịt ren trong 27 INOX,Cái,1386395
NBRT34,Nút bịt ren trong 34,Cái,4644
NBRT42INOX,Nút bịt ren trong 42 INOX,Cái,32917
NBRT49INOX,Nút bịt RT INOX 49,Cái,59344
NBRTINOX50,Nút bịt RT INox 50,Cái,0
NBRTTHAU34,Nút bịt RT thau 34,Cái,21600
NBRTTHAU49,Nút bịt RN thau 49,Cái,0
nc,Nh,Cái,200000
NC03,Nhân công,Công,1
NEP2.5MM-GA30SINO,Nẹp vuông Sino 2.5 mm - GA30 (2m/1 cây),Cây,41685
NEP2MM-GA24SINO,Nẹp vuông Sino 2mm - GA24 (2m/1 cây),Cây,17657
NEP5MM-GA60/01SINO,Nẹp vuông Sino 5 mm - GA60/01 (2m/1 cây),Cây,37696
NG,N,Cái,0
NG0,Nối,Cái,68000
NG00,N,Cái,19800
ng001,N,Cái,0
NG1,C,Cái,183060
NG114/27RM,Nối giảm 114/27 RM,Cái,0
NG114/34BMD,Nối giảm 114/34 BM,Cái,12113
NG114/34ĐHD,Nối giảm 114/34 ĐH dầy,Cái,158294
NG114/34DHM,Nối giảm 114/34 Đạt hòa mỏng,Cái,16540
NG114/34RM,Nối giảm Ø 114/34 RM,Cái,0
NG114/42DH,Nối giảm  Ø 114/42 Đạt Hòa Mỏng,Cái,16761
NG114/42DHD,Nối giảm  Ø 114/42  dầy,Cái,16458
NG114/42RM,Nối giảm Ø 114/42 RM,Cái,0
NG114/60BMD,Nối giảm BM Ø 114/60 dày,Cái,40001
NG114/60BMM,Nối giảm BM Ø 114/60 PN6,Cái,12802
NG114/90BMD,Nối giảm  Ø 114/90 BM dày,Cái,32964
NG114/90BMM,Nối giảm Ø 114/90 BM,Cái,15130
NG140/114BM,Nối giảm 140/114 BM,Cái,44550
NG140/90,Nối giảm Ø 140/90,Cái,25920
NG140/90BMTC,Nối giảm 140/90 BM TC,Cái,125057
NG168/114BM,Nối giảm Ø 168/114 BM,Cái,52890
NG168/140,Nối giảm  Ø 168/140,Cái,62095
NG168/90BM,Nối giảm 168/90 BM,Cái,151066
NG2,N,Cái,8690
NG220/114BM,Nối giảm Ø 220 x 114 PN6 BM,Cái,277788
NG220/168BMTC,Nối giảm Ø 220 x 168 BM TC,Cái,766908
NG25/20PPRVN,Nối giảm Ø 25/20 PP-R BM VN,Cái,1296
NG27/21BM,Nối giảm Ø 27/21 BM,Cái,1850
NG32/20PPRVN,Nối giảm Ø 32/20 PP-R BMVN,Cái,5463
NG32/25PL,Nối giảm Ø 32/25 PP-R PIPELIFE,Cái,16720
NG32/25PPRVN,Nối giảm  Ø 32/25 PPR BM VN,Cái,2704
NG34/21BM,Nối giảm Ø 34/21 BM,Cái,4322
NG34/27BM,Nối giảm Ø 34/27 BM,Cái,2001
NG40/25PPRVN,Nối giảm Ø 40/25 PP-R BM VN,Cái,3945
NG42/21BM,Nối giảm Ø 42/21 BM,Cái,3289
NG42/27BM,Nối giảm Ø 42/27 BM,Cái,1088
NG42/34BM,Nối giảm Ø 42/34 BM,Cái,5440
NG49/21BM,Nối giảm Ø 49/21 BM,Cái,4663
NG49/21BM.,Nối giảm Ø 49/21 BM,Cái,6443
NG49/27BM,Nối giảm Ø 49/27 BM,Cái,4945
NG49/34BM,Nối giảm  Ø 49/34 BM,Cái,5194
NG49/42BM,Nối giảm Ø 49/42 BM,Cái,5912
NG50/25PPRVN,Nối giảm  Ø 50/25 PP-R BM VN,Cái,8841
NG50/32BM,Côn thu (Nối giảm)  Ø 50/32 PP-R BM,Cái,5910
NG50/40BM,Côn thu (Nối giảm)  Ø 50/40 PP-R BM,Cái,7885
NG60/21BM,Nối giảm Ø 60/21 BM,Cái,8061
NG60/27BM,Nối giảm Ø 60/27 PN15 BM,Cái,12582
NG60/34BM,Nối giảm Ø 60/34 BM,Cái,7634
NG60/42BMD,Nối giảm Ø 60/42 dày BM,Cái,6696
NG60/42BMM,Nối giảm Ø 60/42 BM,Cái,5443
NG60/49BMD,Nối giảm Ø 60/49 BM dày,Cái,10790
NG60/49BMM,Nối giảm Ø 60/49 BM,Cái,5076
NG63/25BM,Côn thu (Nối giảm)  Ø 63/25 PP-R BM,Cái,15650
NG63/32BM,Côn thu (Nối giảm)  Ø 63/32 PP-R BM,Cái,18207
NG63/40PPR,Côn thu (Nối giảm)  Ø 63/40 PPR BM,Cái,15929
NG63/50BM,Côn thu (Nối giảm) Ø 63/50 PP-R BM,Cái,27684
NG75/40PPR,Nối giảm  Ø75/40 PP-R BM VN,Cái,80460
NG90/34BM,Nối giảm  90/34 BM,Cái,7554
NG90/40PPRVN,Nối giảm  Ø 90/40 PP-R BM VN,Cái,101736
NG90/42BM,Nối giảm 90/42 BM,Cái,6058
NG90/42DHD,Nối giảm Ø 90/42 DHD,Cái,152752
NG90/42RM,Nối giảm Ø 90/42 RM,Cái,0
NG90/49BMD,Nối giảm Ø 90/49 BM dày,Cái,10334
NG90/49DHD,Nối giảm Ø 90/49 ĐHD,Cái,28613
NG90/60BMD,Nối giảm Ø 90/60 BM dày,Cái,7096
NG90/60BMM,Nối giảm Ø 90/60 PN6 BM,Cái,6771
NG90/75BM,Nối giảm Ø 90/75 PN6 BM,Cái,12804
NGD90/27DHM,Nối gảm  Ø 90/27 ĐH M,Cái,0
NGD90/34DHM,Nối gảm  Ø 90/34 ĐH M,Cái,0
NOI110PPR,Nối 110 PPR bình minh,Cái,243648
NOI114BMD,Nối Bình Minh Ø 114 dày,Cái,72741
NOI114BMM,Nối Bình Minh Ø 114 mỏng,Cái,12233
NOI140BMM,Nối bình minh 140 mỏng PN6,Cái,57776
NOI168BMD,Nối 168 Dầy BM,Cái,322272
NOI168BMM,Nối 168 Mỏng BM,Cái,87747
NOI16SINO,Nối 16 SINO - E242/16,Cái,1116
NOI20BMVN,Nối 20 PPR BM VN,Cái,385
NOI20PL,Nối 20 PPR PIPELIFE,Cái,7590
NOI20SINO,Nối 20 SINO - E242/20,Cái,1091
NOI21BM,Nối Bình Minh Ø 21 dày,Cái,1841
NOI220BMD,Nối bình minh 220M,Cái,297864
NOI25BMVN,Nối 25 PPR BM VN,Cái,1657
NOI25PL,Nối 25 PPR PIPELIFE,Cái,10340
NOI25PPR,Măng sông (Nối) Ø 25 PPR đen,Cái,1900
NOI25SINO,Nối 25 SINO - E242/25,Cái,799
NOI25UVBM,Nối PPR 25 UV BM,Cái,2117
NOI27BM,Nối Bình Minh Ø 27 dày,Cái,2148
NOI2DRT21THAU,Nối 2 đầu RT 21 Thau,Cái,13334
NOI32BMVN,Nối 32 PPR BM VN,Cái,3796
NOI32DEN,Măng sông (Nối) Ø 32 PPR,Cái,350
NOI32PL,Nối 32 PPR PIPELIFE,Cái,18590
NOI32SINO,Nối 32 SINO - E242/32,Cái,2058
NOI34BM,Nối Bình Minh Ø 34 dày,Cái,3665
NOI40BMVN,Nối 40 PPR BM VN,Cái,6598
NOI42BM,Nối Bình Minh Ø 42 dày,Cái,4626
NOI49BM,Nối Bình Minh Ø 49 dày,Cái,2209
NOI50PPRBM,Nối Ø 50 PPR BMVN,Cái,10788
NOI60BMD,Nối Bình Minh Ø 60 dày,Cái,2174
NOI60BMM,Nối Bình Minh Ø 60 mỏng,Cái,3889
NOI63PPRBMVN,Măng sông (Nối) Ø 63 PPR BM VN,Cái,62209
NOI75BMM,Nối Bình Minh Ø 75 mỏng,Cái,3342
NOI75PPR,Măng sông (Nối) Ø 75 PP-R BM,Cái,88776
NOI90BMD,Nối Bình Minh Ø 90 dày,Cái,46415
NOI90BMM,Nối Bình Minh Ø 90 mỏng,Cái,7957
NOI90PPR,Măng sông (Nối) Ø 90 PP-R BM,Cái,139200
NOIDIEN25,Nối điện 25,Cái,2500
NOIRT2D21,Nối ren trong 2 đầu 21 inox 304,Cái,26978
NR-1,Nối,Cái,0
NR-2,N,Cái,24970
NRN114BM,Nối ren ngoài BM Ø 114 dày,Cái,73332
NRN201/2BM,Nối ren ngoài Ø 20*1/2 PP-R BM,Cái,164328
NRN20X1/2PL,Nối RN 20 x 1/2 PPR PIPELIFE,Cái,89650
NRN21BMD,Nối ren ngoài BM Ø 21 dày,Cái,581
NRN21THAUBM,Nối ren ngoài  BM Ø 21 thau,Cái,14237
NRN25251/2BM,Nối ren ngoài Ø 25*1/2 PP-R BM,Cái,30383
NRN253/4PPR,Nối ren ngoài Ø 25*3/4 PPR đen,Cái,9724
NRN253/4UV,Nối RN thau PPR 25 x 3/4 UV BM,Cái,24010
NRN25X1/2PL,Nối RN 25 x 1/2 PPR PIPELIFE,Cái,95920
NRN25X3/4BMVN,Nối RN 25 x 3/4 PPR BM VN,Cái,20264
NRN25X3/4PL,Nối RN 25 x 3/4 PPR PIPELIFE,Cái,138600
NRN27/34,Nối ren ngoài 27 BM ống Ø 34,Cái,2677
NRN2721THAUBM,Nối RN 21 Ø 27 thau BM,Cái,10773
NRN27BMD,Nối ren ngoài BM Ø 27 dày,Cái,1583
NRN27THAUBM,Nối ren ngoài BM Ø 27 dày thau,Cái,12923
NRN2D21D,Nối ren ngoài 2 đầu Ø 21 đồng,Cái,5500
NRN2D21INOX,Nối ren ngoài 2 đầu Ø 21 INOX,Cái,4000
NRN2D27D,Nối ren ngoài 2 đầu Ø 27 đồng,Cái,17500
NRN2D34INOX,Nối ren ngoài 2 đầu Ø 34 INOX,Cái,40000
NRN2D42INOX,Nối ren ngoài 2 đầu Ø 42 INOX,Cái,165499
NRN2DAU27/21THAU,Nối ren ngoài 2 đầu Ø 27/21 đồng,Cái,14539
NRN2DINOX49,Hai đầu ren ngoài inox 49,Cái,85000
NRN32 FUSENG,Nối ren ngoài Ø 32*1 fuseng,Cái,70100
NRN32BM,Nối ren ngoài Ø 32*1 PP-R BM,Cái,177120
NRN32BMVN,Nối RN 32 x1'' BM VN,Cái,21599
NRN32FUSENG,Nối RN 32*1,Cái,28561
NRN34/27BM,Nối ren ngoài 34 Ø 27 BM,Cái,1503
NRN34/27DH,Nối ren ngoài Ø 34/27 DH,Cái,0
NRN34BMD,Nối ren ngoài BM Ø 34 dày,Cái,2679
NRN40BMVN,Nối RN 40 x 1.1/4 BM VN,Cái,80359
NRN40BMVNn,Nối ren ngoài Ø 40*1.1/4 PP-R BMVN,Cái,548856
NRN42/27DH,Nối ren ngoài 42/27 DH,Cái,0
NRN42/27RM,Nối ren ngoài 42/27 RM,Cái,0
nrn42/34dh,Nối ren ngoài 42/34 DH,Cái,6940
NRN42/34RM,Nối ren ngoài 42/34 RM,Cái,0
NRN42BM,Nối ren ngoài BM Ø 42 dày,Cái,4489
nrn49/27dh,Nối ren ngoài 49/27 DH,Cái,3881
NRN49/34,Nối Ren Ngoài 49/34,Cái,6757
NRN49/34BM,Nối Ren Ngoài 49 Ø 34,Cái,8424
NRN49/34DH,Nối ren ngoài 49/34 DH,Cái,0
nrn49/34RM,Nối ren ngoài 49/34 RM,Cái,0
NRN49/42,Nối ren ngoài 49/42,Cái,2394
nrn49/42rm,Nối ren ngoài 49/42 RM,Cái,0
NRN49BM,Nối ren ngoài BM Ø 49 dày,Cái,5389
NRN50BMVN,Nối RN 50 x 1.1/2 BM VN,Cái,115297
NRN60BMD,Nối ren ngoài BM Ø 60 dày,Cái,7236
NRN63PPRBMVN,Nối ren ngoài Ø 63 x 2'' PP-R BM VN,Cái,321183
NRN90BMD,Nối ren ngoài BM Ø 90 dày,Cái,37800
NRND60/49,Nối RN 60/49 Dầy,Cái,0
nrt,Nối,Cái,2422819
NRT201/2PL,Nối ren trong Ø 20 x 1/2 PP-R PIPELIFE,Cái,62480
NRT20X1/2BMVN,Nối ren trong Ø 20*1/2 PP-R BM,Cái,15109
NRT2127BM,Nối ren trong 27 ống 21 BM,Cái,7503
NRT21BM,Nối ren trong BM Ø 21 dày,Cái,216
NRT21THAUBM,Nối ren trong BM Ø 21 thau,Cái,6318
NRT251/2BM,Nối ren trong Ø 25 1/2 PP-R BM,Cái,18836
NRT251/2DEN,Nối ren trong Ø 25 1/2 PP-R,Cái,4800
NRT251/2PL,Nối ren trong Ø 25 1/2 PP-R PIPELIFE,Cái,78100
NRT253/4BMVN,Nối ren trong Ø 25*3/4 PP-R BMVN,Cái,31048
NRT253/4PPRDEN,Nối ren trong Ø 25*3/4 PPR,Cái,6660
NRT2721BM,Nối ren trong 21 ống 27 nhựa BM,Cái,1650
NRT2721THAUBM,Nối ren trong 27 Ø 21 thau BM,Cái,5174
NRT27BM,Nối ren trong BM Ø 27 dày,Cái,1946
NRT27THAUBM,Nối ren trong BM Ø 27 thau,Cái,13461
NRT32BMVN,Nối ren trong Ø 32 x1'' PP-R,Cái,38542
NRT32PPRBMVN,Nối ren trong 32 x1 PPR BMVN,Cái,96136
NRT34/27,Nối ren trong 34  Ø 27,Cái,2420
NRT34/27D,Nối ren trong 27 ống Ø34  dày,Cái,3761
NRT34BM,Nối ren trong BM Ø 34 dày,Cái,6126
NRT40BM,Nối ren trong Ø 40*1 1/4 PP-R BM VN,Cái,96942
NRT42BM,Nối ren trong BM Ø 42 dày,Cái,3480
NRT49BM,Nối ren trong BM Ø 49 dày,Cái,9255
NRT50BM,Nối ren trong Ø 50*1 1/2 BM,Cái,164774
NRT60BM,Nối ren trong BM Ø 60 dày,Cái,7654
NRT63PPRBMVN,Nối ren trong Ø 63 PP-R BM VN,Cái,242231
NRT90BM,Nối ren trong BM Ø 90 dày,Cái,45036
NRTD27/34DH,Nối RT 27 Ø 34 ĐH dầy,Cái,2577
nrtrnd21d,Nối ren trong ren ngoài Ø 21 đồng,Cái,15311
NRTRND21INOX,Nối RT RN Ø 21 INOX,Cái,2174
NTTBMD114,Nối thông tắc Ø 114 mỏng,Cái,89100
NTTBMD90,Nối thông tắc Ø 90 mỏng,Cái,47628
NUTBITTHODIEN47,Nút bịt trợ điện 47,Cái,14720
NUTBITXARN114,Bít xả Ren Ngoài 114,Cái,47816
NUTBITXARN60,Bít xả ren ngoài 60,Cái,16873
NUTBITXARN90,Bít xả Ren Ngoài 90,Cái,16316
NUTCHUONG,Nút nhấn chuông chống thấm WBM,Cái,33696
O1684.3,"Ống lạnh BM Ø 168x4,3mm",Mét,206928
O2205.6,Ống lạnh BM Ø 220x5.6mm,Mét,372708
OCAM32CHAUSINO,Ổ cắm 3-2 chấu Sino 16A - VL S18U3,Cái,35620
OCAM3CHAUSINO-S18UE,Ổ cắm 3 chấu 16A - VL S18UE,Cái,29678
OCAMDIENTHOAIC,Ổ cắm điện thoại (có màn che) sizeS CONCEPT (3031RJ64M-G19),Cái,50402
OCAMDIENTHOAIZ,Ổ cắm điện thoại (có màn che) Size S ZENCELO A (8431SRJ4-BZ-G19),Cái,88591
OCAMDOI,Ổ cắm đôi nổi Lioa,Cái,15531
OCAMDOI2CHAU1LO,Ổ cắm đôi 2 chấu 1 lỗ Sino 16A - S18 - S18U2X,Cái,34616
OCAMDOI2CHAU2LOSINO,Ổ cắm đôi 2 chấu 2 lỗ Sino 16A - S18 - S18U2XX,Cái,37807
OCAMDOI2CHAUSINO,Ổ cắm đôi 2 chấu Sino 16A - VL S18U2,Cái,20438
OCAMDOI3CHAU,Ổ cắm đôi 3 chấu 16A CONCEPT (3426UEST2M-G19),Cái,54042
OCAMDOI3CHAUSINO,Ổ cắm đôi 3 chấu SINO 16A - VL S18UE2,Cái,51490
OCAMDOI3CHAUZ,Ổ cắm đôi 3 chấu 16A sizeL ZENCELO A (84426LUES-BZ-G19),Cái,98890
OCAMDON2CHAU1LOSINO,Ổ cắm đơn 2 chấu 1 Lỗ Sino 16A -S18 - VL S18UX,Cái,25702
OCAMDON2CHAU2LOSINO,Ổ cắm đơn 2 chấu 2 Lỗ Sino 16A -S18 - VL S18UXX,Cái,25702
OCAMDON2CHAUC,Ổ cắm đơn 2 chấu10A CONCEPT (3426USM-G19),Cái,29566
OCAMDON2CHAUSINOS18,Ổ cắm đơn 2 chấu Sino 16A - VL S18U,Cái,14874
OCAMDON2CHAUZ,Ổ cắm đơn 2 chấu 16A sizeS ZENCELO A (84426SUS-BZ-G19),Cái,45936
OCAMDON3CHAU1LOSINO,Ổ cắm đơn 3 chấu 1 Lỗ Sino 16A -S18 - VL S18UEX,Cái,31595
OCAMDON3CHAU2LOSINO,Ổ cắm đơn 3 chấu 2 Lỗ Sino 16A -S18 - VL S18UEXX,Cái,31595
OCAMDON3CHAUC,Ổ cắm đơn 3 chấu 16A CONCEPT(3426UESTM-G19),Cái,42108
OCAMDON3CHAUZ,Ổ cắm đơn 3 chấu 16A size2M ZENCELO A (84426MUES-BZ-G19),Cái,85492
OCAMMANG,Ổ cắm mạng CAT5E (có màn che) CONCEPT (3031RJ88SMA5-G19),Cái,224576
OCAMTV,Ổ Cắm TV Size S CONCEPT (3031TV75MS-G19),Cái,56144
OCAMTVSINO,Ổ cắm Tivi Sino,Cái,28260
OCAMTVZ,Ổ cắm Tivi size S ZENCELO A (8431STV-BZ-G19),Cái,88591
OHD25,Ống HDPE 25x2.3mm BM,Mét,12650
OHDPE32 3.6,Ống HDPE 32x 3.6,Mét,24200
OHDPE323.0mm,Ống HDPE 32 3.0mm,Mét,17050
ohtnd4701,Ống hấp thụ nhiệt Ø  47,Ống,0
ohtnd5801,Ống hấp thụ nhiệt Ø  58,Ống,53441
ohtnd5802,Ống hấp thụ nhiệt Ø  58 ống dầu,Ống,0
ohtnd5803,Ống hấp thụ nhiệt Ø  58  - QC,Ống,0
OL1143.1,"Ống lạnh BM Ø 114x3,1mm x 4m",Mét,59869
OL1144.5,Ống lạnh BM Ø 114x4.5mm x 4m,Mét,44702
OL1404.1,Ống lạnh BM Ø 140 x 4.1mm,Mét,100974
OL14067,"Ống lạnh BM Ø 140 x 6,7mm",Mét,278964
OL1684.5,Ống lạnh BM Ø 168x4.5mm,Mét,106454
OL211.7,"Ống lạnh BM Ø 21x1,7mm",Mét,3765
OL2130,Ống lạnh BM Ø 21 x 3.0 mm,Mét,12463
OL271.9,"Ống lạnh BM Ø 27x1,9mm",Mét,7938
OL273.0,Ống lạnh BM 27*3.0 mm,Mét,11091
OL32.29,Ống  lạnh PP-R Ø 32 x 2.9mm PP-R BM,Mét,21546
OL341.9,"Ống lạnh BM Ø 34x1,9mm",Mét,9097
OL343.0,Ống lạnh BM 34*3.0 mm,Mét,16302
OL40.37,Ống  lạnh PP-R Ø 40*3.7mm PP-R BM,Mét,26350
OL42.3,Ống lạnh BM Ø 42 x 3.0 mm,Mét,26960
OL421.9,Ống lạnh BM Ø 42*1.9mm,Mét,11653
OL422.2,Ống lạnh BM Ø 42*2.2mm,Mét,20839
OL492.1,Ống lạnh BM Ø 49*2.1mm,Mét,18902
OL601.8,Ống lạnh BM Ø 60*1.8mm,Mét,15450
OL602.5,Ống lạnh BM Ø 60*2.5mm,Mét,8349
OL902.6,"Ống lạnh BM Ø 90x2,6mm",Mét,39267
OL903.5,Ống lạnh BM 90*3.5 mm,Mét,34782
OLBMd11422,"Ống lạnh BM Ø 114x2,2mm x 4m",Mét,79272
OLBMd11432,"Ống lạnh BM Ø 114x3,2mm x 4m",Mét,104868
OLBMd11438,"Ống lạnh BM Ø 114x3,8mm x 4m",Mét,125913
OLBMd11449,"Ống lạnh BM Ø 114x4,9mm",Mét,129120
OLBMd16832,Ống lạnh BM Ø 168x3.2mm,Mét,167940
OLBMd16866,Ống lạnh BM Ø 168x6.6mm,Mét,329292
OLBMd16873,"Ống lạnh BM Ø 168x7,3mm",Mét,345600
OLBMD20059,Ống lạnh BM PVC 200x 5.9mm,Mét,358452
olbmd20096,"Ống lạnh PVC 200x9,6mm",Mét,567648
OLBMd21,"Ống lạnh BM Ø 21x1,6mm",Mét,9504
OLBMD22042,Ống lạnh BM Ø 220x4.2mm,Mét,280368
OLBMD2205.1,Ống lạnh BM Ø 220x5.1mm,Mét,540361
OLBMd27,"Ống lạnh BM Ø 27x1,8mm",Mét,13392
OLBMd2716,"Ống lạnh BM Ø 27x1,6mm",Mét,10174
olbmd31592,Ống BM PVC 315x9.2mm,Mét,876636
OLBMd34,Ống lạnh BM Ø 34x2mm,Mét,18792
OLBMd3422,Ống lạnh BM Ø 34x2.2mm,Mét,21708
OLBMd49,"Ống lạnh BM Ø 49x2,4mm",Mét,32508
OLBMd4925,Ống lạnh BM Ø 49*2.5mm,Mét,37044
OLBMd602,Ống lạnh BM Ø 60x2mm,Mét,34452
OLBMd6028,"Ống lạnh BM Ø 60x2,8mm",Mét,37767
OLBMD6030,Ống lạnh BM Ø 60x3.0mm,Mét,50112
OLBMD75X2.2,Ống lạnh BM Ø 75x2.2mm,Mét,41204
OLBMd9017,"Ống lạnh BM Ø 90x1,7mm",Mét,43956
OLBMd9029,"Ống lạnh BM Ø 90x2,9mm",Mét,74412
OLBMd9038,"Ống lạnh BM Ø 90x3,8mm",Mét,96228
old110,Ống lạnh PPR 110 10 bar 110x10mm,Cái,549936
OLD20.19,Ống  lạnh PP-R Ø 20 x1.9mm PP-R BM,Mét,10962
OLD25.23,"Ống  lạnh PP-R Ø 25 x 2,3mm PP-R BM",Mét,9357
OLD50.46,"Ống  lạnh PP-R Ø 50 x 4,6mm PP-R BM",Mét,44170
OLD63.58,"Ống  lạnh PP-R Ø 63 5,8mm PP-R BM",Mét,253692
OLd75BM,Ống  lạnh PP-R Ø 75 x 6.8mm PP-R BM,Mét,354240
OLD9082PPRBM,"Ống  lạnh PP-R Ø 90 x 8,2mm PP-R BM",Mét,343872
ond110bm,Ống nóng PPR 110 20bar 110x 18.3mm,Mét,868536
OND2034PL,Ống nóng PPR PIPELIFE 20X3.4mm PN20,Mét,54890
ONd20BM,"Ống  nóng PP-R Ø 20  x 3,4mm PP-R BM",Mét,5606
OND254.2UV,Ống nóng PPR DN25 x 4.2m Kháng UV,Mét,18645
OND2542PL,Ống nóng PPR PIPELIFE 25X4.2mm PN20,Mét,84370
ONd25BM,"Ống  nóng PP-R Ø 25 x 4,2mm PP-R BM",Mét,15877
ONd25DEN,Ống  nóng PP-R Ø 25 x 4.2mm đen,Mét,8050
OND3254PL,Ống nóng PPR PIPELIFE 32X5.4mm PN20,Mét,137060
ONd32BM,Ống  nóng PP-R Ø 32 x5.4mm PP-R BM,Mét,27758
ONd32DEN,Ống  nóng PP-R Ø 32 x 5.4mm đen,Mét,15450
ONd40BM,Ống  nóng PP-R Ø 40x6.7mm PP-R BM,Mét,40331
ONd50BM,Ống  nóng PP-R Ø 50 x 8.3mm PP-R BM,Mét,82128
ONd63BM,Ống  nóng PP-R Ø 63 x 10.5mm PP-R BM,Mét,122044
ONd75BM,Ống  nóng PP-R Ø 75 x 12.5mm PP-R BM,Mét,601776
OND90,Ống nóng PPR d90 20 bar 90 x15mm,Mét,674568
ONGCUNG16,Ống cứng 16 SINO - SP9016 - 750N,Cây,5936
ONGCUNG20,Ống cứng 20 SINO - SP9020 - 750N,Cây,9351
ONGCUNG25,Ống cứng 25 SINO - SP9025 - 750N,Cây,17158
ONGCUNG32,Ống cứng 32 SINO - SP9032 - 750N,Cây,70741
ONGDAU,Ống dầu 58,Cái,0
ONGDAU58,Ông Dầu 58,Ống,0
ONGDIEN25,Ống điện 25,Mét,7535
PC,P,Cái,0
PC21N,Phao cơ Ø 21 nhựa,Bộ,49937
PC21THONGMINH,Phao cơ thông minh ONPAS (21),Bộ,47000
PC27MIHA,Phao cơ  Mi Ha 27 đồng,Cái,215000
PC27N,Phao cơ Ø 27 nhựa,Bộ,43431
PC27ONPA,Phao cơ đồng Ø 27  ONPAS,Cái,160776
PC27THONGMINH,Phao cơ thông minh ONPAS (27),Bộ,100000
PCD,P,Cái,0
PCINOX21,Phao cơ inox 21,Cái,106250
PCINOX27,Phao cơ inox 27,Cái,105813
PCINOX34,Phao cơ inox 34,Bộ,205000
PCITALY27,Phao cơ  ITALIA 27,Cái,224500
PCM,Ph,Cái,0
PCONPAS21,Phao cơ đồng Ø 21 ONPAS,Cái,129700
PCONPAS34,Phao cơ dồng  Ø 34 ONPAS,Cái,379860
PHAODIEN,Phao điện,Bộ,37833
PHICHCAI,Phích Cắm Cái 10A - 250V,Cái,5679
PHICHDUC,Phích Cắm Đực,Cái,1007
PHIEUHDXAYCHAN,Phiếu hướng dẫn xây chân bồn lạnh,Tờ,0
PK5MON5200,Phụ kiện 5 món 5200,Bộ,906124
PT,Phm,Cái,0
PTS2.060,Phễu thu sàn 2.0X60 nhựa,Cái,0
PTS491.0,Phễu thoát sàn  Ø 49 1.0,Cái,0
PTS60/12VIRGO,Phễu thoát sàn 60 X1.2 inox 304 VIRGO,Bộ,90000
PTS60/15VIRGO,Phễu thoát sàn 60 X1.5 inox 304 VIRGO,Bộ,254906
PTS6012INOXKIMNGUYEN,Phễu thoát sàn 60 X1.2 Inox,Cái,79861
PTS6015INOX,Phễu thoát sàn 60 X1.5 inox,Cái,113026
PTS60X1.2ZICO,Phễu thoát sàn 60 X1.2 Zico HG02-12 X12,Cái,20000
PTS90/12VIRGO,Phễu thoát sàn 90 X1.2 inox 304 VIRGO,Bộ,142106
PTS90/15VIRGO,Phễu thoát sàn 90 X1.5 inox 304 VIRGO,Bộ,87804
PTS9012INOXKIMNGUYEN,Phễu thoát sàn 90 X1.2 Inox,Cái,138671
PTS9015INOX,Phễu thoát sàn 90 X1.5 inox,Cái,213396
PTS9015INOXKIMNGUYEN,Phễu thoát sàn 90 X1.5 inox Kim Nguyên,Cái,108229
PTSD4210,Phễu thoát sàn  Ø 42 1.0,Cái,0
PTSD6012,Phễu thoát sàn  Ø 60 1.2,Cái,0
PTSD6015,"Phễu thoát sàn  Ø 60 1,5",Cái,30592
PTSD9015,Phễu thoát sàn  Ø 90 1.5 Nhựa,Cái,23087
QCLR114,Qủa cầu lọc rác Inox Ø 114,Cái,87741
QCLR60I,Qủa cầu lọc rác Inox Ø 60,Cái,12333
QCLR90I,Qủa cầu lọc rác Inox Ø 90,Cái,12892
QH,Q,Bộ,0
QUATHUTAMTRAN,Quạt hút âm trần toalet,Cái,218592
R,o,Cái,0
R0,Rắc co 34 taijan,Cái,21400
R1,R,Cái,173800
RACCO20BM,Rắc co hàn Ø 20 PP-R BM,Cái,67431
RACCO20PL,Racco hàn Ø 20 PP-R PIPELIFE,Cái,39240
RACCO21BM,Rắc co (khớp nối) Ø 21  BM,Cái,8534
RACCO21TAIJAN,Rắc co  21 Tai Jan,Cái,8625
RACCO25BM,Rắc co hàn Ø 25 PP-R BM,Cái,23448
RACCO25PL,Racco hàn Ø 25 PP-R PIPELIFE,Cái,219450
RACCO27BM,Rắc co (khớp nối) Ø 27 BM,Cái,9402
RACCO27TAIJAN,Rắc co 27 taijan,Cái,14700
RACCO32BMVN,Rắc co hàn Ø 32 PP-R BMVN,Cái,35706
RACCO32PL,Rắc co hàn Ø 32 PP-R PIPELIFE,Cái,309540
RACCO34BM,Rắc co (khớp nối) Ø 34 BM,Cái,11338
RACCO40BMVN,Rắc co hàn Ø 40 PP-R BMVN,Cái,37506
RACCO42BM,Rắc co (khớp nối) Ø 42 BM,Cái,14283
RACCO42DH,Rắc co Ø 42 Đạt hòa,Cái,104229
RACCO49BM,Rắc co (khớp nối) Ø 49 BM,Cái,25764
RACCO60BM,Rắc co (khớp nối) Ø 60 BM,Cái,32884
RACCO60TAIJAN,Rắc co Ø 60 Taijan,Cái,92676
RACCORND32XANH,Racco ren ngoài D32*1,.Cái,244401
RACO42TAIJAN,Rắc co 42 taijan,Cái,29500
RACO49DH,Racco Ø 49 Đạt hòa,Cái,40300
RACO49TAIJAN,Rắc co 49 taijan,Cái,42700
RACORT25INOX,Rắc co ren trong 25 3/4 inox 304,Cái,32000
RCN60,Rắc co nhựa 60,Cái,0
RCRN25*3/4BM,Racco ren ngoài Inox Ø 25*3/4 PP-R BM,Cái,48552
RCRN25*3/4XANH,Racco ren ngoài Inox Ø 25*3/4 PP-R,Cái,10439
RCRN32,Racco ren ngoài  Inox Ø 32*1 BM,Cái,95692
RCRN32*3/4,Racco ren ngoài D32 ống 25,.Cái,66258
RCRN40BM,Racco ren ngoài Inox Ø 40*1.1/4 PP-R BM,Cái,144053
RCRN50BM,Racco ren ngoài Inox Ø 50*1.1/2 PP-R BM,Cái,199622
RCRN63BM,Rắc co ren ngoài Ø 63 x 2'' PP-R BM VN,Cái,356242
RCRT20*1/2PPRBM,Racco ren trong Inox Ø 20*1/2 PP-R BM,Cái,114070
RCRT25*3/4PPRBM,Racco ren trong Inox Ø 25*3/4 PP-R BM,Cái,54555
RCRT25*3/4PPRXANH,Racco ren trong Ø 25*3/4 PP-R  Inox,Cái,48529
RCRT32*1BM,Racco ren trong  Inox Ø 32*1 BM,Cái,85722
RCRT40BM,Racco ren trong Inox Ø 40*1.1/4 PP-R BM,Cái,407693
RCRT50BM,Racco ren trong Inox Ø 50*1.1/ 2 PP-R BM,Cái,250250
RCRT63BM,Racco ren trong Ø 63 x 2'' PP-R BM VN,Cái,326334
REN20,Đầu + khớp nối ren 20 E258 + 281/20 Sino - 60c/1 bịch,Cái,1950
REN25,Đầu + khớp nối ren 25 E258 + 281/20 Sino - 35c/1 bịch,Cái,2470
RN253/4HDPE,Ren ngoài 25 x3/4 Mã lai,Cái,30000
RONN20,Ron 20,Cái,1200
ROON58,Ronn 58,Cái,1939
ROONG25,Roong 25,Cái,904
roong32,Roong 32,Cái,0
ROONG47,Roong 47,Cái,4290
RRT2DINOX27,Rắc co ren trong 2 đầu inox 27,Cái,90000
RT,R,Cái,208656
RT253/4HDPE,Ren trong 25 x 3/4 HDPE Mã lai,Cái,30000
RUMINED21NHUA,Ru mi nê D21 nhựa,Cái,25000
RUMINEMIHA21,Rumine 21 MIHA,Cái,120172
RUMINEMIHA27,Rumine 27 MIHA,Cái,120000
RUOTGA16,Ruột gà 16 SINO SP9016CM (50m/cuộn),Mét,2407
RUOTGA20,Ruột gà 20 SINO SP9020CM (50m/cuộn),Mét,2428
RUOTGA20CAMEL,Ruột gà 20 CAMEL SP9020CM (50m/cuộn),Mét,988
RUOTGA20CAMELTRANG,Ruột gà 20 CAMEL SP9020CM Trắng (50m/cuộn),Mét,859
RUOTGA20TIENPHAT,Ruột gà 20 Tiến Phát (50m/cuộn),Mét,1664
RUOTGA25,Ruột gà 25 SINO SP9025CM (40m/cuộn),Mét,3381
RUOTGA25CAMEL,Ruột gà 25 CAMEL SP9025CM (50m/cuộn),Mét,804
RUOTGA25CAMELTRANG,Ruột gà 25 CAMEL SP9025CM Trắng (50m/cuộn),Mét,590
RUOTGA25NANO,Ruột gà 25 Nano Trắng (40m/cuộn),Mét,4360
RUOTGA32,Ruột gà 32 (50m/cuộn),Mét,5200
RUOTGA32/25,Ruột gà nhựa xoắn HPDE 32/25,Mét,15068
RUOTGA32SINO,Ruột gà 32 SINO (25m/cuộn),Mét,7891
RUOTGA40/32,Ruột gà nhựa xoắn HPDE 40/32,Mét,12874
RUOTGA50/40,Ruột gà nhựa xoắn HPDE 50/40,Mét,18490
S,Ti,Bộ,0
SENBFV1403S-4C,Vòi Sen nóng lạnh BFV 1403S - 4C,Cái,0
SENBFV-3413T-3C,Vòi sen BFV - 3413T - 3C,Bộ,3432000
SENCAY1205S,Sen tắm cây Inax BFV-1205S,Bộ,19565800
SENCAY1305S,Sen Cây Inax BFV - 1305S,Bộ,3067400
SENCAY13066,Sen tắmcây 13066X virgo,Bộ,10619556
SENCAY13066W,Sen tắmcây 13066Wvirgo,Bộ,2600000
SENCAY304T,Sen Cây 304 Tròn,Cây,1530000
SENCAY304V,Sen cây 304 vuông,Bộ,2662540
SENCAY304ZICO,Sen Cây 304 tròn ZICO ZC-8132,Cây,900000
SENCAYR008,Sen Cây Virgo R008,Bộ,3500000
silico,Silicone APOLLO đục,Cái,58783
SILICOLTRONG,Silicol APOLLO trong (clear),Chai,31909
SLH15D,Máy nước nóng NLMT 150 lít SOLARHAT,Bộ,10945000
SLK12d5801,Máy nước nóng NLMT 120 Lít  Ø 58 SLK -01,Bộ,1458444
SLK12d5802,Máy nước nóng NLMT 120 lít  Ø 58 SLK -02,Bộ,0
SLK12d5803,Máy nước nóng NLMT 120 lít Ø 58 SLK -03 SUS304,Bộ,1695375
SLK14d5801,Máy nước nóng NLMT 140 Lít  Ø 58 SLK -01,Bộ,1279743
SLK14d5802,Máy nước nóng NLMT 140 lít  Ø 58 SLK -02,Bộ,3540
SLK14d5803,Máy nước nóng NLMT 140 lít  Ø 58 SLK -03 SUS304,Bộ,1445843
SLK15D5801,Máy nước nóng NLMT 150 lít  Ø 58 SLK -01,Bộ,456471
SLK15D5802,Máy nước nóng NLMT 150 lít  Ø 58 SLK -02,Bộ,0
SLK15D5803,Máy nước nóng NLMT 150 lít  Ø 58 SLK -03 SUS304,Bộ,1313450
SLK16d4703,Máy nước nóng NLMT 160 lít  Ø 47 SLK -03 SUS304,Bộ,3200000
SLK16d5801,Máy nước nóng NLMT 160 lít  Ø 58 SLK -01,Bộ,2103566
SLK16d5802,Máy nước nóng NLMT 160 lít  Ø 58 SLK -02,Bộ,0
SLK16d5803,Máy nước nóng NLMT 160 lít  Ø 58 SLK -03 SUS304,Bộ,1650143
SLK16D5803TD,Máy tấm nước nóng NLMT 160 lít 58 SLK - 03 trợ điện,Cái,0
SLK18d4701,Máy nước nóng NLMT 180 lít Ø 47 SLK -01,Bộ,4140000
SLK18d5801,Máy nước nóng NLMT 180 lít  Ø 58 SLK -01,Bộ,882180
SLK18d5802,Máy nước nóng NLMT 180 lít  Ø 58 SLK -02,Bộ,25530
SLK18d5803,Máy nước nóng NLMT 180 lít Ø 58 SLK -03 SUS304,Bộ,2094994
SLK18D5803TD,Máy nước nòng NLMT 180 lít 58 SLK 03 trợ điện,.Cái,0
SLK20d4702,Máy nước nóng NLMT 200 lít Ø 47 SLK -02,Bộ,0
SLK20d4703,Máy nước nóng NLMT 200 lít Ø 47 SLK -03 SUS304,Bộ,4000000
SLK20d5801,Máy nước nóng NLMT 200 lít Ø 58 SLK -01,Bộ,2331459
SLK20d5802,Máy nước nóng NLMT 200 lít Ø 58 SLK -02,Bộ,0
SLK20d5803,Máy nước nóng NLMT 200 lít Ø 58 SLK -03 SUS304,Bộ,819160
SLK20d5803TD,Máy nước nóng NLMT 200 lít  Ø 58 SLK -03 Trợ điện,Bộ,0
SLK22D5801,Máy nước nóng NLMT 220 lít  Ø 58 SLK -01,Bộ,2427273
SLK22D5802,Máy nước nóng NLMT 220 lít  Ø 58 SLK -02,Bộ,3960000
SLK22D5803,Máy nước nóng NLMT 220 lít  Ø 58 SLK -03,Bộ,537950
SLK24d4703,Máy nước nóng NLMT 240 lít  Ø 47 SLK -03 SUS304,Bộ,0
SLK24d5801,Máy nước nóng NLMT 240 lít  Ø 58 SLK -01,Bộ,3363568
SLK24d5802,Máy nước nóng NLMT 240 lít Ø 58 SLK -02,Bộ,0
SLK24d5803,Máy nước nóng NLMT 240 lít Ø 58 SLK -03 SUS304,Bộ,2902677
SLK26D5801,Máy nước nóng NLMT 260 lít  Ø 58 SLK -01,Bộ,2121060
SLK26D5802,Máy nước nóng NLMT 260 lít  Ø 58 SLK -02,Bộ,0
SLK26D5803,Máy nước nóng NLMT 260 lít  Ø 58 SLK -03,Bộ,60938
SLK28d5801,Máy nước nóng NLMT 280 lít Ø 58 SLK -01,Bộ,0
SLK28d5802,Máy nước nóng NLMT 280 lít Ø 58 SLK -02,Bộ,0
SLK28d5803,Máy nước nóng NLMT 280 lít Ø 58 SLK -03 SUS304,Bộ,0
SLK30d5801,Máy nước nóng NLMT 300 lít Ø 58 SLK -01,Bộ,3680143
SLK30d5802,Máy nước nóng NLMT 300 lít Ø 58 SLK -02,Bộ,0
SLK30d5803,Máy nước nóng NLMT 300 lít Ø 58 SLK -03 SUS304,Bộ,1598420
SLK30d5803TD,Máy nước nóng NLMT 300 lít Ø 58 SLK -03 trợ điện,Bộ,0
solahac300L,Hệ  thống máy NLMT Premium solahart 300 lít,Bộ,47000000
SOLARHAT180L,Máy nước nóng NLMT Soalrhat dạng tấm 180 lít (Super - shied),Bộ,43375000
SON,Sơn,Hộp,48750
SOTIEPDIA1,Sò ( ốc vít) tiếp địa,Cái,16259
SPE15CA,Máy nước nóng NLMTdạng tấm 150 lít SPE (2000 X1000mm),Bộ,0
SPE15INOX,Máy NLMT dạng tấm chịu áp 150 lít- Inox SPE (2000 X1000mm) chân nhôm,Bộ,3236314
SPE16,Máy nước nóng NLMT dạng tấm không chịu áp - 160 Lít,Cái,0
SPE18CA,Máy nước nóng NLMTdạng tấm 180 lít SPE (2000 X1250mm),Bộ,0
SPE18INOX,Máy  NLMT dạng tấm chịu áp 180 lít - INOX SPE (2000X1250mm),Bộ,5374583
SPE220CA,Máy nước nóng NLMTdạng tấm 220 lít SPE (2000 X1500mm),Bộ,0
SPE220INOX,Máy  NLMT dạng tấm chịu áp 220 lít - INOX SPE (2000X1500mm),Bộ,5192131
SPE30,Máy nước nóng NLMT dạng tấm không chịu áp - 300 Lít,Bộ,0
SPE300CA,Máy nước nóng NLMTdạng tấm 300 lít SPE (2000 X1000mm x2),Bộ,0
SPE300INOX,Máy  NLMT dạng tấm chịu áp 300 lít - INOX SPE (2000X1500mm),Bộ,11376970
T,T,Cái,0
T-1,Tê,Cái,32382
TACKE,Tắc kê,Con,446
TACKE3P,Tắc kê 3P + Vít,Cái,27
TACKE4P,Tắc kê 4P + Vít,Cái,193
TACKE5P,Tắc kê 5P + Vít,Cái,251
TACKEDAN10,Tắc kê đạn 10,Con,1601
TACKEDAN8,Tắc kê đạn 8,Con,732
TAMPIN,Tấm Pin Năng Lượng Điện,Tấm,0
TAMSPENLMT1000,Tấm NLMT 1000*2000*80mm,Tấm,2115395
TAMSPENLMT1250,Tấm NLMT 1250*2000*80mm,Tấm,2559333
TAMSPENLMT1500,Tấm NLMT 1500*2000*80mm,Tấm,276828
TAN10,Tán 10 ly,Con,390
TAN8L,Tán 8 ly tốt,Con,161
TAYSEN,Tay sen+dây sen,Bộ,354000
TAYSEN2868,Tay Sen + dây sen virgo 2868,Cái,121105
TAYSEN90810,Tay sen + dây sen tăng áp 90810 VIRGO,Bộ,130000
TAYSENQ703,Tay sen + dây sen tăng áp Q703 VIRGO,Bộ,130000
TC114BM,Tê cong BM Ø 114,Cái,50822
TC140BM,Tê cong BM Ø 140 PN6,Cái,141086
TC168BM M,Tê cong BM Ø 168 PN6 Mỏng,Cái,459335
TC60BM,Tê cong BM Ø 60,Cái,6341
TC90BM,Tê cong BM Ø 90,Cái,27395
TCDH60,Tê cong DH Ø 60 mỏng,Cái,13088
TCDH90,Tê cong ĐH Ø 90 mỏng,Cái,40957
TCG114/60BM,Tê cong giảm Ø 114/60 BM mỏng,Cái,56548
TCG114/90BM,Tê cong giảm Ø 114/90 BM mỏng,Cái,46000
TCG140/114BM,Tê cong giảm BM Ø 140/114 mỏng PN6,Cái,139972
TCG140/90BM,Tê cong giảm BM Ø 140/90 mỏng PN6,Cái,115293
TCG168/114BM,Tê cong giảm BM  Ø 168/114 mỏng PN6,Cái,188400
TCG168/90BM,Tê cong giảm  Ø  168/90 mỏng PN6 BM,Cái,155165
TCG90/60BM,Tê Cong Giảm  Ø  90/60 BM,Cái,27159
TDBM168,Tê 168 BM mỏng PN6,Cái,245190
TDd25BM,Tê đều Ø 25 PP-R BM,Cái,6864
TE110PPR,Tê đều Ø 110 PP-R,Cái,464616
TE114BMD,Tê BM Ø 114 dày,Cái,103007
TE114BMM,Tê BM Ø 114 mỏng,Cái,40078
TE140M-BM,Tê BM Ø 140 mỏng PN4,Cái,211553
TE168BMD,Tê BM Ø 168 mỏng PN6,Cái,246768
TE16SINO,Tê trơn 16 SINO - E246/16,Cái,1950
TE20BM,Tê đều Ø 20 PP-R BM,Cái,590952
TE20BMVN,Tê đều Ø 20 PP-R BM VN,Cái,1350
TE20PL,Tê đều 20 PPR PIPELIFE,Cái,11550
TE20SINO,Tê trơn 20SINO - E246/20,Cái,2405
TE21BMD,Tê BM Ø 21 dày,Cái,1582
TE220BMD,Tê BM Ø 220 mỏng PN6,Cái,467844
TE25BMVN,Tê đều 25 PPR BM VN,Cái,3376
TE25PL,Tê đều 25 PPR PIPELIFE,Cái,20790
TE25PPR,Tê đều Ø 25 PPR Đen,Cái,1961
TE25SINO,Tê trơn 25SINO - E246/25,Cái,5323
TE25UVBM,Tê 25 PPR UV BM,Cái,4033
TE27BMD,Tê BM Ø 27 dày,Cái,3360
TE32PL,Tê đều 32 PPR PIPELIFE,Cái,33220
TE32PPRBM,Tê đều Ø 32 PP-R BM VN,Cái,6738
TE32PPRDEN,Tê đều Ø 32 PP-R Đen,Cái,835
TE32SINO,Tê trơn 32SINO - E246/32,Cái,7377
TE34BMD,Tê BM Ø 34 dày,Cái,6483
TE3NHANH,Tê 3 nhánh (2 dấu RN 1 đấu RT  21),Cái,17000
TE40BMPPR,Tê đều Ø 40 PP-R BM VN,Cái,26372
TE42BMD,Tê BM Ø 42 dày,Cái,6543
TE49BMD,Tê BM Ø 49 dày,Cái,12309
TE50BMPPR,Tê đều Ø 50 PP-R BM VN,Cái,27782
TE60BMD,Tê BM Ø 60 dày,Cái,16766
TE60BMM,Tê BM Ø 60 mỏng PN6,Cái,6517
TE63PPRBMVN,Tê đều Ø 63 PP-R BMVN,Cái,139740
TE75BMM,Tê BM Ø 75 mỏng,Cái,30456
TE75BMPPR,Tê đều Ø 75 PP-R BM,Cái,235656
TE90BMD,Tê BM Ø 90 dày PN12,Cái,81708
TE90BMM,Tê BM Ø 90 mỏng,Cái,24338
TE90PPR,Tê đều Ø 90 PP-R BM,Cái,346032
TEDHD27,Tê DH Ø 27 dày,Cái,3696
TEDHM90,Tê ĐH Ø 90 mỏng,Cái,16896
TG110/63BMVN,Tê giảm 110 x 63 PPR BM VN,Cái,521640
TG114/60BMD,Tê giảm Ø 114/60 BM dày,Cái,88361
TG114/60BMM,Tê giảm Ø 114/60 BM mỏng,Cái,15394
TG114/90BMD,Tê giảm Ø 114/90 BM dày,Cái,279655
TG114/90BMM,Tê giảm Ø 114/90 BM mỏng,Cái,50802
TG140/114BM,Tê giảm Ø 140/114 BM PN6,Cái,104336
TG168/114BM,Tê giảm 168/114 BM PN6,Cái,161526
TG168/90BM,Tê giảm 168/90 BM PN6,Cái,127537
TG25/20PPRBM,Tê giảm Ø 25/20 PP-R BM,Cái,1125
TG27/21BMD,Tê giảm Ø 27/21 BM dày,Cái,2603
TG32/20PPRBM,Tê giảm Ø 32/20 PP-R BM,Cái,12267
TG32/25PPRBM,Tê giảm Ø 32/25 PP-R BM,Cái,1452
TG34/21BMD,Tê giảm Ø 34/21 BM dày,Cái,5282
TG34/27BMD,Tê giảm Ø 34/27 BM dày,Cái,4370
TG40/20PPRBM,Tê giảm Ø 40/20 PP-R BM,Cái,55569
TG40/25BMVN,Tê giảm 40/25 PPR BM VN,Cái,24667
TG40/32PPRBM,Tê giảm Ø 40/32 PP-R BM,Cái,13867
TG42/21BMD,Tê giảm Ø 42/21 BM dày,Cái,10710
TG42/27BMD,Tê giảm Ø 42/27 BM dày,Cái,4784
TG42/34BMD,Tê giảm Ø 42/34 BM dày,Cái,10371
TG49/21BMD,Tê giảm Ø 49/21 BM dày,Cái,8207
TG49/27BMD,Tê giảm Ø 49/27 BM dày,Cái,10280
TG49/34BMD,Tê giảm Ø 49/34 BM dày,Cái,10377
TG49/42BMD,Tê giảm Ø 49/42 BM dày,Cái,6854
TG50/20PPRBM,Tê giảm Ø 50/20 PP-R BM,Cái,107460
TG50/25BMSX,Tê giảm Ø 50/25 PP-R BMVN,Cái,49334
TG50/25PPRBM,Tê giảm Ø 50/25 PP-R BM,Cái,137107
TG50/32PPRBM,Tê giảm Ø 50/32 PP-R BM,Cái,48446
TG50/40PPRBM,Tê giảm Ø 50/40 PP-R BM VN,Cái,31176
TG60/21BMD,Tê giảm Ø 60/21 BM dày,Cái,19439
TG60/27BMD,Tê giảm Ø 60/27 BM dày,Cái,21044
TG60/34BMD,Tê giảm Ø 60/34 BM dày,Cái,13901
TG60/42BMD,Tê giảm Ø 60/42 BM dày,Cái,23604
TG60/49BMD,Tê gảm Ø 60/49 BM dày,Cái,25944
TG63/25PPRBM,Tê giảm Ø 63/25 PP-R BM,Cái,144974
TG63/40PPRBM,Tê giảm Ø 63/40 PP-R BMVN,Cái,55124
TG90/34BMD,Tê giảm Ø 90/34 BM dày,Cái,25696
TG90/34DH,Tê giảm 90/34 đạt hòa,Cái,60209
TG90/42BM,Tê giảm Ø 90/42 BM,Cái,20739
TG90/60BMD,Tê giảm Ø 90/60 BM dầy,Cái,57850
TG90/60BMM,Tê giảm Ø 90/60 BM mỏng,Cái,14963
THANHCAMUNGNHIET,Thanh cảm ứng nhiệt máy nươc nóng NLMT,Cái,59160
THANHLAPDAUCAMBIEN,Thanh lắp đầu cảm biến,Cái.,40300
THO42DH,Con Thỏ 42 ĐH,Cái,23276
THO49DH,Con Thỏ 49 ĐH,Cái,25752
THO60BM,Con thỏ Bình Minh Ø 60,Cái,23224
THO90BM,Con thỏ Ø 90 BM,Cái,44116
THONGSAN114,Đầu nối Thông sàn 114 TAJAN,Cái,15447
THONGSAN114TP,Đầu nối Thông sàn 114 Tiền Phong PN9,Cái,53946
THONGSAN60,Đầu nối Thông sàn 60 TAJAN,Cái,7412
THONGSAN60TP,Đầu nối Thông sàn 60 Tiền Phong PN9,Cái,25095
THONGSAN90,Đầu nối Thông sàn 90 TAJAN,Cái,9762
THONGSAN90TP,Đầu nối Thông sàn 90 Tiền Phong PN9,Cái,40679
TI10,Ti 10 ly (1 cây =2m),Cây,16417
TI6L82CM,Ti 82 Cm 6 ly loại tốt,Cây,11000
TI8L2M,Ti 2.0m 8 ly loại tốt,Cây,13108
TIEUNAMCOMBOOU1810,Bồn Tiểu Nam  ComBoo U1810,Bộ,4620000
TIEUNAMU-117V,Bồn tiểu nam Inax U-117V,Bộ,1195000
tr,T,Cái,6041
TRN201/2BM,Tê ren ngoài Ø 20*1/2 PP-R BM,Cái,100116
TRN21DHTHAU,Tê ren ngoài Ø 21 DH thau,Cái,16725
TRN21THAUBM,Tê ren ngoài Ø 21 thau BM,Cái,16082
TRN25*3/4BM,Tê ren ngoài Ø 25*3/4 PP-R BM,Cái,31208
TRN251/2BM,Tê ren ngoài Ø 25*1/2 PP-R BM,Cái,76504
TRNd201/2PL,Tê ren ngoài Ø 20 x 1/2 PP-R PIPELIFE,Cái,105380
TRNd251/2PL,Tê ren ngoài Ø 25*1/2 PP-R PIPELIFE,Cái,104720
TRNDH2721THAU,Tê RN 21 Ø 27 DH thau,Cái,32279
TRT201/2BM,Tê ren trong Ø 20*1/2 PP-R BM,Cái,30626
TRT20X1/2PL,Tê RT 20 x1/2 PPR PIPELIFE,Cái,74580
TRT21THAUBM,Tê RT Ø 21 Thau BM,Cái,6137
TRT25*3/4BM,Tê ren trong Ø 25*3/4 PP-R BM,Cái,51637
TRT251/2BM,Tê ren trong Ø 25*1/2 PP-R BM,Cái,86940
TRT25X1/2BMVN,Tê RT 25 x1/2 PPR BM VN,Cái,15502
TRT25X1/2PL,Tê RT 25 x1/2 PPR PIPELIFE,Cái,91300
TRT2721BM,Tê ren trong 21 Ø 27 BM Nhựa,Cái,7206
TRT2721THAUBM,Tê RT21 Ø 27 thau BM,Cái,8754
TRT27THAUBM,Tê ren trong BM Ø 27 thau,Cái,6189
TRT3D21,Tê ren trong 3 chánh 21,Cái,16000
TRT3DINOX34,Tê RT 3 đầu Inox 304 Ø 34,Cái,56560
TRT3DINOXD21,Tê RT 3 đầu Inox 304 Ø 21,Cái,34500
TRT3DINOXD27,Tê RT 3 đầu Inox 304 Ø 27,Cái,50700
TRTBMD21NHUA,Tê ren trong 21 nhựa BM,Cái,4494
TRTBMD27NHUA,Tê ren trong 27 nhựa BM,Cái,5595
TRTINOX27,Tê ren trong Inox 27,Cái,0
TU0012,Tủ Lavabo TU0012 (480*370 *300 mm),Bộ,4300000
tud25/20PL,Tê thu Ø 25/20 PP-R PIPELIFE,Cái,24090
tud32/20PL,Tê thu Ø 32/20 PP-R PIPELIFE,Cái,32670
tud32/25PL,Tê thu Ø 32/25 PP-R PIPELIFE,Cái,33550
TUD75/40BM,Tê thu Ø 75/40 PP-R BMVN,Cái,174960
TUD75/50BM,Tê thu Ø 75/50 PP-R BMVN,Cái,175824
TUD90/42DH,Tê giảm 90/42 đạt hòa dầy,Cái,119014
TUD90/42RM,Tê thu Ø 90/42 RM,Cái,0
TUD90/49,Tê giảm 90/49,Cái,0
TUD90/50BM,Tê thu Ø 90/50 PP-R BM,Cái,268596
TUDIEN2DUONGSINO,Tủ điện sắt SINO 2 Đường (đôi) - EM2PL,Cái,77000
TUDIENABSTIENPHAT,Tủ điện nhựa ABS Tiến Phát (300*200*160mm) - TDN30,Cái,90000
TUDIENCAMUNG,Tủ Điện Điều Khiển Cảm Ứng,Bộ,0
TUDIENNHUA-E9.108S2F,Tủ điện nhựa âm tường Schneider EZ9E108S2F(4/8)(208*222*92),Cái,258500
TUDIENNHUA-E9.112S2F,Tủ điện nhựa âm tường Schneider EZ9E112S2F(8/12)(280*222*92),Cái,360258
TUNHUASINO(2/4),Tủ điện âm tường mặt nhựa CB SINO 2/4,Cái,75268
TUNHUASINO12(8/12),Tủ điện âm tường mặt nhựa CB SINO 8/12,Cái,169428
TUNHUASINO14,Tủ điện âm tường mặt nhựa SINO 14 đường EM14PL/PS (11cái/1thùng),Cái,226380
TUNHUASINO18(16/18),Tủ điện âm tường mặt nhựa CB SINO 16/18,Cái,485000
TUNHUASINO6(3/6),Tủ điện âm tường mặt nhựa CB SINO E4FC3/6,Cái,95708
TUNHUASINO8(4/8),Tủ điện âm tường mặt nhựa CB SINO E4FC4/8,Cái,163567
TUSATSINO2,Tủ điện Sắt âm tường 2 đường Sino EM2PL/PS (27 cái/1 thùng),Cái,66660
TUSATSINO4,Tủ điện Sắt âm tường 4 đường Sino EM4PL/PS (27 cái/1 thùng),Cái,66660
TUTHONG114BM,Tứ Thông 114 BM,Cái,146190
TUTHONG90BM,Tứ Thông 90 BM,Cái,69190
V,Va,Cái,13000
V0,1,Cái,18000
V1,2,Cái,39000
V3,3,Cái,59000
V4,V,Cái,270000
V5,V,Cái,35000
VAI304,VAI  INOX 304,Cái,53655
VAIMAYNANGLUONG ONG,Vai máy năng lượng ống,Cặp,55425
VAIMAYTAMPHANG,Vai máy tấm phẳng,Cặp,300900
VAN20BMVN,Van tổng (Van xoay) Ø 20 PPR BM VN,Cái,40474
VAN20PL,Van tay vặn 20 PPR PIPELIFE,Cái,272800
VAN25BMVN,Van tổng (Van xoay) Ø 25 PPR BM VN,Cái,76294
VAN25PHUTHINH,Van tổng (xoay) 25,Cái,218796
VAN25PL,Van tay vặn 25 PPR PIPELIFE,Cái,325160
VAN25PPRDEN,Van Xoay Ø 25 PPR Đen,Cái,46627
VAN25UV,Van xoay PPR 25 UV BM,Cái,91474
VAN27INOX,Van Cửa Ø 27 Inox 304,Cái,1035000
VAN32BMVN,Van tổng (Van xoay) Ø 32 PPR BM VN,Cái,112979
VAN32PL,Van tay vặn 32 PPR PIPELIFE,Cái,533940
VAN32PPRDEN,Van Xoay Ø 32 PPR Đen,Cái,66903
VAN40BMVN,Van tổng (Van xoay) Ø 40 PPR BM VN,Cái,177958
VAN49INOX,Van Cửa Ø 49 Inox 304,Cái,414000
VAN50BMVN,Van tổng (Van xoay) Ø 50 PPR BM VN,Cái,90424
VAN63BMPPR,Van tổng (van xoay) Ø 63 PP-R BM,Cái,627234
VAN75PPR,Van tổng (van xoay) Ø 75 PP-R BM,Cái,5439960
VANBIXI21,Van bixi 21 sanlih,Cái,24500
VANBIXI27,Van khóa Bi xi 27,Cái,146557
VANBIXI34,Van khóa Bi xi 34,Cái,71515
VANBIXI42,Van khóa Bi xi 42,Cái,105000
VANBIXI49,Van bixi 49 sanlih,Cái,117788
VANCHUYEN,Vận Chuyển,chuyến,0
VANCUAD75,Van Cửa đồng 75,Cái,0
VANDIENTU220V,Van Cảm Ứng Điện Từ Inox 34 điện thế 220V,Cái,449250
VANLA27SAYI,Van một chiều Ø 27 lá SaYi,Cái,58000
VANLOXO27Y,Van một chiều Ø 27 lò xo ý,Cái,129000
VANLOXO34Y,Van một chiều Ø 34 lò xo ý,Cái,183857
VANLOXO42Y,Van một chiều Ø 42 lò xo ý,Cái,270285
VANLOXO49Y,Van một chiều Ø 49 lò xo ý,Cái,392857
VANLOXO60Y,Van một chiều Ø 60 lò xo ý,Cái,500000
VANLOXONHUA60,Van Lò Xo Nhựa 60,Cái,66861
VANTEVIRGO,Van tê 3 đầu RN 21 VIRGO,Cái,58367
VANXAAP27,Van xả áp 27,Cái,166452
VBd20BM,Van bi tay gạt Ø 20 PP-R BM,Cái,0
VBd32BM,Van bi tay gạt Ø 32 PP-R BM,Cái,0
VBd40BM,Van bi tay gạt Ø 40 PP-R BM,Cái,0
VC,Chi phí vận chuyển,Công,500000
VD21MIHA,Van khóa đồng Ø 21 MiHa,Cái,134720
VD21SANWA,Van khóa đồng Ø 21 SANWA,Cái,57394
VD27MIHA,Van khóa đồng Ø 27 MiHa,Cái,56204
VD27SANWA,Van khóa đồng Ø 27 SANWA Thái Đỏ,Cái,108076
VD27SAYI,Van khóa đồng Ø 27 SAYI,Cái,80000
VD34SANWA,Van khóa đồng Ø 34 SANWA,Cái,204417
VD42SANWA,Van khóa đồng Ø 42 SANWA,Cái,255000
VD49MIHA,Van khóa đồng Ø 49 MiHa,Cái,427261
VD49SANWA,Van khóa đồng Ø 49 SANWA,Cái,340000
VD60SANWA,Van khóa đồng Ø 60 SANWA,Cái,693000
VDA60MIH,Van khóa đồng  Ø 60 MIHA,Cái,393840
VDMIHA34,Van khóa đồng Ø 34 Mi Ha,Cái,142366
VDMIHA42,Van khóa đồng Ø 42 Mi Ha,Cái,270585
VDRINCO27,Van khóa đồng Ø 27 Rin Co,Cái,115000
violabolanh504,Vòi labo lạnh 504 Proxia,Bộ,1350000
VIT,Vít,Con,32726
VITRAU,Vít Râu Xanh M5,Cái,72
VK21BM,Van Khóa Ø 21 Bình Minh,Cái,6411
VK21BMV,Van khóa Ø 21 Bình Minh Việt,Cái,13598
VK21TAIJAAN,Van khóa Ø 21 TAIJAAN đỏ,Cái,15600
VK27BM,Van khóa Ø 27 Bình Minh,Cái,10530
VK27BMV,Van khóa Ø 27 Bình Minh Việt,Cái,13176
VK27TAIJAN,Van khóa Ø 27 TAIJAAN đỏ,Cái,20100
VK34BM,Van khóa Ø 34 Bình Minh,Cái,23212
VK34BMV,Van khóa Ø 34 Bình Minh Việt,Cái,21842
VK34TAIJAN,Van khóa Ø 34 TAIJAN đỏ,Cái,28500
VK42BM,Van khóa Ø  42 Bình Minh,Cái,34361
VK42TAIJAN,Van khóa Ø 42 TAIJAN đỏ,Cái,42900
VK49BM,Van khóa Ø 49 Bình Minh,Cái,54445
VK49TAIJAN,Van khóa Ø 49 TAIJAAN đỏ,Cái,64700
VK60TAIJAN,Van khóa Ø 60 TAIJAAN đỏ,Cái,60692
VK90TAIJAAN,Van khóa Ø 90 TAIJAAN đỏ,Cái,1447100
VKd34,Van khoá nhựa Ø 34,Cái,19771
VKd60,Van khoá nhựa Ø 60,Cái,53673
VL21,Van 1 chiều lá 21 Miha,Cái,63900
VL27,Van một chiều Ø 27 lá,Cái,51528
VL34,Van một chiều Ø 34 lá,Cái,66606
VL42,Van một chiều Ø 42 lá,Cái,101667
VL49,Van một chiều Ø 49 lá,Cái,212666
VL60,Van một chiều lá 60 Miha,Cái,399600
VLX21Y,Van một chiều Ø 21 lò xo Ý,Cái,60667
VLX27MIHA,Van một chiều lò xo 27 Miha,Cái,60984
VLX34MIHA,Van một chiều lò xo 34 Miha,Cái,91137
VLX42MIHA,Van một chiều lò xo 42 Miha,Cái,139277
VLX49MIHA,Van một chiều lò xo 49 Miha,Cái,188625
VLX60MIHA,Van một chiều lò xo 60 Miha,Cái,267569
VM,V,Cái,0
VMC,Va,Cái,0
VO,V,Cái,0
VOIASPAVN,Vòi ASPAVN 21 (Rumine),Cái,30000
VOIBEPAMTUONG,Vòi Bếp Nóng Lạnh Âm Tường,Bộ,480000
VOIBEPINAX802S,Vòi bếp nóng lạnh Inax SFV-802S,Cái,4945000
VOIBEPLANH9013,Vòi Bếp Lạnh Gật Gù 9013,Bộ,145000
VOIBEPLANH9023,Vòi Bếp lạnh gật gù 9023,Bộ,235000
voibeplanhND001,Vòi bếp lạnh NĐ001 (SUS304),Bộ,364583
VOIBEPNL,Vòi bếp (âm chậu) Nóng Lạnh VIRGO,Bộ,800000
VOIBEPNL2147,Vòi bếp (âm chậu) NL VC2147 VIRGO,Bộ,620000
VOIBEPNL6021-5,Vòi bếp nóng lạnh 6021-5,Bộ,1050000
VOIBEPNLLOAKEN147,Vòi rửa chén NL Loa Kèn 147,Bộ,410000
VOIBEPNLLOXO,Vòi bếp Nóng Lạnh lò xo thau,Bộ,615000
VOIBEPNLNA005,Vòi bếp NL Virgo SUS304 NA-005,Bộ,937500
VOIBEPNLVIRGOR9,Vòi bếp nóng lạnh VIRGO R9,Bộ,1300000
VOIBEPNLVUONGTHAU,Vòi rửa chén NL Vuông Thau,Bộ,500000
VOIBEPVC3324,Vòi Rửa Chén VC3324,Bộ,525000
VOIBEPVL617-3C,Vòi bếp âm tường NL VL617-3C Visler,Bộ,1398000
VOICHEN7139ZC,Vòi rửa chén ZiCo nóng lạnh ZC-7139,Cái,1137500
VOICHENAMTUONG407B,Vòi Chén âm tường nóng lạnh 407B,Bộ,720000
VOICHENNL202RUT,Vòi Chén Virgo Nóng Lạnh SG202 dây rút,Bộ,950000
VOICHENZC,Vòi rửa chén ZiCo nóng lạnh ZC-7128,Cái,415150
VOIDOND27INOX,Vòi lạnh Inox 27,Cái,0
voidoninox21,Vòi lạnh Inox 21,Cái,100000
VOIGAT21,Ru mi nê gạt đồng 21,Cái,50000
VOIGAT27,Ru mi nê gạt đồng 27,Cái,60000
voigat27miha,Vòi gạt 27 đồng miha,Cái,187000
VOIHODUOICA,Vòi Hồ Tay Đuôi Cá - có ren,Bộ,85000
VOIHOZC-7H24M,Vòi Hồ Zico - 7H24M - không ren,Bộ,80000
VOIHOZC-REN,Vòi Hồ Zico -  có ren,Bộ,67000
voilabolanh507,Vòi la bô lạnh 507 Proxia,Bộ,247500
voilaboPA8006a,Vòi Lavobo lạnh PA8006A,Cái,120000
VOILANHZICO,Vòi Lavabo Zico Lạnh ZC -5L46,Cái,125000
VOILAVABO1102S,Vòi lavabo nóng lạnh Inax LFV-1102S-1,Cái,920000
VOILAVABO1211,Vòi Lavabo Virgo NL 1211,Bộ,850000
VOILAVABO1950K,Vòi lạnh LAVABO 1950K VIRGO,Bộ,210000
VOILAVABO2012S,Vòi lavabo nóng lạnh Inax LFV-2012S,Cái,3734200
VOILAVABO5135,Vòi lavabo nóng lạnh (VIRGO) 5135,Bộ,329952
VOILAVABOB5516L,Vòi Lavabo lạnh Benzler B5516L - đặt ngoài,Cái,2121000
VOILAVABOB6616L,Vòi Lavabo lạnh Benzler B6616L,Cái,1080000
VOILAVABOINAX13B,Vòi Lavobo Inax LFV - 13B,Bộ,7954150
VOILAVABOLANH70708,Vòi Lavabo lạnh Virgo70708,Bộ,210000
VOILAVABOLFV-17,Vòi lavabo  lạnh Inax LFV-17,Cái,544000
VOILAVABONL1112S,Vòi Lavabo Nóng Lạnh Inax LFV - 1112S,Cái,1073000
VOILAVABONL1402S,Vòi Lavabo nóng lạnh LFV 1402S,Cái,0
VOILAVABONL612S,Vòi LaVaBo Inax Nóng Lạnh LFV 612S,Cái,1530660
VOILAVABONLVL617-4L,Vòi lavabo NL VL617-4L Visler,Bộ,432500
VOILAVABONLZICO3203,Vòi lavabo nóng lạnh ZICO ZC-3203M - Đặt trên chậu,Bộ,457500
VOILAVABOTHAITHINH,Vòi Lavabo nóng lạnh inox 304 L504,Bộ,160000
VOILAVABOZC3219,Vòi Lavabo nóng lạnh ZC-3219,Cái,157000
VOILUXTA21,Vòi LUXTA 21 (Rumine),Cái,256000
VOINHUA21,Vòi nhựa tay trắng YW301,Cái,3143
VOIRCNLPR815,Vòi rửa chén NL PR815,Bộ,1200000
VOIRCNLVC,Vòi rửa chén NL VIRGO,Cái,480000
VOIRUACHENNL8203,Vòi rửa chén âm chậu nóng lạnh VIRGO (8203),Cái,850000
VOISEN1103S-4,Vòi sen nóng lạnh Inax BFV-1103S-4,Bộ,1366000
VOISEN1303S-4C,Vòi sen nóng lạnh Inax BFV - 1303S-4C,Cái,1505000
VOISEN2013S,Vòi sen nóng lạnh Inax BFV-2013S,Bộ,1038800
VOISEN2015S,Vòi sen nóng lạnh Inax BFV-2015S,Cái,6638000
VOISEN8010,Vòi Sen Nóng Lạnh 8010 Lá,Bộ,693000
VOISEN8014,Vòi Sen NL 8014 Kim Cương,Bộ,630000
VOISENNL1113S-4C,Vòi Sen Nóng Lạnh Inax BFV - 1113S - 4C,Cái,1483000
VOISENNL304BONG,Vòi sen nóng lạnh Inox 304 - Bóng,Bộ,988000
VOISENNL304MO,Vòi sen nóng lạnh Inox 304 - Mờ,Bộ,800000
VOISENZC,Vòi Sen ZiCo ZC,Bộ,575000
VOIVUONMIHA21,Vòi Vườn gạt đồng 21 đỏ,Cái,44000
VOIVUONTAYGAT21,Vòi vườn tay gạt MIHA 21,Cái,44697
VOIXIT253K,Vòi xịt 2 lớp (Tay xịt + pass + dây sen nhựa) - WF 253K,Bộ,87750
VOIXITWUFENG253INOX,Vòi Xịt Nhựa (Đầu xịt + pass + Dây sen inox xoắn nhuyễn) WF683KX,Cái,123333
VOIXITZICOZC-922,Vòi Xịt Zico ZC - 922,Cái,106962
VRCLPR904PROXIA,Vòi rửa chến PROXIA PR904,Bộ,320000
VRCLPR907PROXIA,Vòi rửa chén lạnh PR907,Bộ,350000
VRCLPR908PROXIA,Vòi rửa chén lạnh PR908 PROXIA,Bộ,220000
VRCLPR910PROXIA,Vòi rửa chén lạnh PROXIA PR 910,Bộ,330000
VRCNLPR308PROXIA,Vòi rửa chén NL PR308 PROXIA,Bộ,811400
VSNLPR304,Vòi sen NL PR304 Proxia,Bộ,560000
VSNLVIRGO1025-1,Vòi sen nóng lạnh 1025-1 VIRGO,Bộ,677859
VSNLVL617-2S,Vòi sen NL VL617-2S Visler,Bộ,1368000
VTd20BM,Van tổng (van xoay) Ø 20 PP-R BM,Cái,242000
VTd25BM,Van tổng (van xoay) Ø 25 PP-R BM,Cái,109397
VTd32BM,Van tổng (van xoay) Ø 32 PP-R BM,Cái,390500
VTd40BM,Van tổng (van xoay) Ø 40 PP-R BM,Cái,591800
VTd50BM,Van tổng (van xoay) Ø 50 PP-R BM,Cái,401258
Vv,Vv,Cái,0
VXVSPC10-1,Vòi xịt vệ sinh VIRGO PC 10-1,Bộ,130000
VXVSPC106,Vòi xịt vệ sinh VIRGO PC 106,Bộ,135000
XACHAUZBXC2-110,Bộ Xả chậu 2 hộc phi 110,Bộ,73000
XALAVABO2310VG,Bộ Xả lavabo VIRGO 2310VG,Bộ,170000
XALAVABORG304,Bộ Xả lavabo RG 304,Bộ,80000
XALAVABOZC-X01,Bộ Xả lavabo ZICO ZC-X01 - N2R (nhấn),Bộ,123214
XANHUA,Xả bầu Nhựa,Cái,25000
XANHUATRANG,Bộ xả kính nhựa trắng,Bộ,90517
XASUTRANG,Xả Sứ Nhựa Trắng,Bộ,55282
XITINOXONSPA,Vòi xịt iNOX Onspa,Cái,151470
Y114BMD,Y BM Ø 114 PN6,Cái,54301
Y114-PN9,Y BM Ø 114 PN9,Cái,272229
Y140BM,Y BM Ø 140,Cái,626728
Y168BM,Y BM Ø 168 PN4,Cái,251171
Y168DDN,Y Ø 168 dày Đệ Nhất,Cái,0
Y34BM,Y BM Ø 34 dày,Cái,6458
Y42BM,Y BM Ø 42,Cái,3653
Y49BM,Y BM Ø 49,Cái,8743
Y49DH,Y 49 Đạt Hòa,Cái,8400
Y60BM,Y BM Ø 60  PN4,Cái,11034
Y90BM,Y BM Ø 90 PN3,Cái,34601
Y90BMPN6,Y Bình Minh Ø 90 PN6,Cái,83932
YD90,Y 90 đạt hòa,Cái,31315
YG,Y,Cái,0
YG114/60BM,Y giảm Ø 114/60 mỏng PN 6 BM,Cái,21604
YG114/90BM,Y giảm Ø 114/90 mỏng PN6 BM,Cái,37435
YG140/114BM,Y Giảm 140/114 mỏng PN6 BM,Cái,143532
YG140/90BM,Y Giảm 140/90 mỏng PN6 BM,Cái,81625
YG168/114BM,Y giảm Ø 168/114  mỏng PN6 BM,Cái,225377
YG168/90DND,Y giảm Ø 168/90 dày ĐN,Cái,0
YG60/42BM,Y giảm Ø 60/42 mỏng BM,Cái,11700
YG90/60BM,Y giảm Ø 90/60 mỏng BM,Cái,16877
